item_supplier_id,item_id,supplier_id,last_purchase_price,last_supply_date,is_preferred
1,1,1,0.16,2026-06-14,True
2,1,10,0.17,2026-05-30,False
3,2,10,0.21,2026-09-10,True
4,3,5,0.21,2026-09-19,True
5,3,10,0.2,2026-09-22,False
6,4,5,0.25,2026-06-02,True
7,5,10,0.28,2026-09-11,True
8,5,5,0.32,2026-05-27,False
9,6,1,0.05,2026-06-20,True
10,6,10,0.05,2026-04-17,False
11,7,8,0.42,2026-07-11,True
12,7,1,0.45,2026-09-12,False
13,8,5,0.51,2026-08-22,True
14,8,10,0.56,2026-08-28,False
15,8,1,0.54,2026-08-28,False
16,9,8,0.08,2026-04-24,True
17,9,1,0.09,2026-04-29,False
18,9,10,0.07,2026-05-11,False
19,10,1,0.46,2026-07-29,True
20,10,5,0.45,2026-08-20,False
21,10,8,0.5,2026-04-03,False
22,11,8,0.11,2026-06-27,True
23,12,8,0.59,2026-07-26,True
24,13,8,0.4,2026-05-16,True
25,14,8,0.55,2026-08-08,True
26,15,3,2.7,2026-08-17,True
27,15,7,2.84,2026-08-14,False
28,16,4,3.19,2026-04-29,True
29,17,4,4.16,2026-08-24,True
30,17,2,5.44,2026-04-22,False
31,18,2,1.87,2026-07-31,True
32,18,4,2.38,2026-05-13,False
33,18,7,1.95,2026-09-03,False
34,19,3,2.02,2026-07-12,True
35,19,4,2.18,2026-09-14,False
36,19,2,1.83,2026-08-11,False
37,20,2,1.56,2026-04-06,True
38,20,7,1.85,2026-05-29,False
39,20,4,1.85,2026-04-02,False
40,21,2,1.38,2026-04-09,True
41,22,2,3.32,2026-09-19,True
42,22,4,3.58,2026-08-17,False
43,23,7,2.39,2026-07-14,True
44,23,2,2.0,2026-04-25,False
45,24,4,5.45,2026-04-14,True
46,24,3,5.79,2026-09-13,False
47,24,7,4.84,2026-07-13,False
48,25,6,0.54,2026-08-16,True
49,25,11,0.59,2026-07-18,False
50,26,10,0.51,2026-04-20,True
51,26,9,0.54,2026-08-19,False
52,27,6,0.31,2026-08-17,True
53,28,6,0.9,2026-05-31,True
54,29,11,0.7,2026-07-12,True
55,29,9,0.78,2026-05-13,False
56,30,6,2.82,2026-07-26,True
57,30,9,2.34,2026-09-26,False
58,30,10,2.84,2026-08-21,False
59,31,9,2.56,2026-04-15,True
60,31,6,2.87,2026-08-17,False
61,31,11,2.43,2026-06-20,False
62,32,6,1.23,2026-08-07,True
63,33,6,0.7,2026-05-18,True
64,33,10,0.7,2026-04-18,False
65,34,11,1.02,2026-08-24,True
66,34,6,0.83,2026-08-31,False
67,35,6,0.49,2026-08-28,True
68,36,10,0.74,2026-06-20,True
69,36,6,0.65,2026-07-11,False
70,37,10,1.04,2026-04-19,True
71,37,9,0.94,2026-09-07,False
72,38,6,0.35,2026-08-08,True
73,39,9,1.45,2026-06-02,True
74,39,11,1.25,2026-05-11,False
75,40,10,0.63,2026-08-20,True
76,40,11,0.56,2026-09-17,False
77,40,6,0.53,2026-05-05,False
