stock_id,item_id,warehouse_id,batch_no,qty_on_hand,qty_reserved,expiry_date,rack_location,last_counted,updated_at
1,20,1,B2604-050,64,13,2026-10-27,BER-E04-03,2026-05-04,2026-05-22 18:16:00
2,20,1,B2605-032,256,15,2027-04-21,BER-C02-01,2026-07-24,2026-07-17 09:57:00
3,14,1,B2608-001,103,9,,BER-F05-06,2026-06-30,2026-07-29 22:02:00
4,14,1,B2609-017,17,5,,BER-F03-04,2026-05-05,2026-05-25 18:11:00
5,25,1,B2607-039,432,3,2026-12-14,BER-F04-06,2026-07-26,2026-06-06 18:42:00
6,32,1,B2604-028,209,14,2027-03-06,BER-E01-04,2026-08-26,2026-07-03 10:05:00
7,8,1,B2607-020,386,3,,BER-B04-02,2026-04-02,2026-08-01 06:13:00
8,7,1,B2608-050,33,20,,BER-C02-05,2026-05-25,2026-09-27 09:39:00
9,36,1,B2606-033,123,18,2026-10-28,BER-A02-01,2026-04-03,2026-06-17 09:47:00
10,10,1,B2604-021,424,2,,BER-B01-03,2026-04-26,2026-07-04 08:24:00
11,21,1,B2606-026,196,17,2027-06-01,BER-F02-04,2026-09-18,2026-09-05 16:14:00
12,38,1,B2604-049,56,2,2026-10-11,BER-C04-07,2026-06-06,2026-05-10 21:32:00
13,11,1,B2604-021,309,13,,BER-D02-06,2026-06-22,2026-04-29 10:34:00
14,11,1,B2607-032,404,2,,BER-C01-03,2026-05-30,2026-08-30 17:48:00
15,33,1,B2605-025,269,3,2027-02-09,BER-F01-08,2026-05-12,2026-05-29 18:01:00
16,15,1,B2606-050,412,9,2027-06-11,BER-C04-08,2026-07-29,2026-05-07 07:22:00
17,9,1,B2607-014,62,0,,BER-A05-08,2026-05-02,2026-07-02 18:51:00
18,13,1,B2608-042,343,15,,BER-B04-01,2026-05-26,2026-04-26 21:20:00
19,6,1,B2604-050,126,16,,BER-B04-05,2026-04-19,2026-06-17 22:54:00
20,37,1,B2608-012,245,5,2027-01-15,BER-C03-07,2026-09-23,2026-08-14 18:09:00
21,29,1,B2604-029,105,17,2027-02-19,BER-D04-05,2026-05-05,2026-04-03 20:41:00
22,29,1,B2607-005,466,12,2027-01-10,BER-F02-06,2026-05-24,2026-08-19 18:30:00
23,40,1,B2608-028,80,11,2027-01-29,BER-F05-08,2026-09-03,2026-04-14 19:57:00
24,30,1,B2608-026,25,8,2027-08-01,BER-E02-03,2026-04-15,2026-09-25 16:49:00
25,15,2,B2609-034,130,8,2026-10-11,BER-E02-08,2026-05-22,2026-08-26 19:47:00
26,16,2,B2607-017,473,10,2027-03-30,BER-A03-04,2026-09-22,2026-09-15 16:26:00
27,17,2,B2607-032,387,15,2027-07-18,BER-F03-06,2026-06-05,2026-05-11 19:54:00
28,18,2,B2608-017,370,0,2027-06-23,BER-B02-08,2026-05-24,2026-07-13 10:29:00
29,19,2,B2609-010,102,1,2027-01-18,BER-D01-02,2026-04-20,2026-07-28 17:41:00
30,20,2,B2604-028,228,19,2026-10-26,BER-B01-05,2026-05-11,2026-09-05 17:07:00
31,20,2,B2608-036,157,8,2027-03-18,BER-B01-06,2026-05-15,2026-04-27 19:37:00
32,21,2,B2605-048,309,5,2027-07-23,BER-D05-01,2026-04-25,2026-06-08 11:43:00
33,22,2,B2604-005,263,2,2026-10-28,BER-D04-01,2026-05-26,2026-04-21 18:59:00
34,23,2,B2604-003,464,1,2027-05-29,BER-C05-04,2026-05-24,2026-05-18 19:53:00
35,24,2,B2604-029,139,8,2027-01-31,BER-B05-05,2026-07-23,2026-07-20 13:58:00
36,6,3,B2608-003,286,7,,MÜN-F04-06,2026-06-06,2026-04-16 11:56:00
37,14,3,B2608-021,383,19,,MÜN-A05-04,2026-09-02,2026-05-28 10:29:00
38,8,3,B2605-035,398,15,,MÜN-A02-02,2026-07-09,2026-05-27 17:41:00
39,1,3,B2607-004,405,18,,MÜN-B04-07,2026-07-25,2026-07-11 16:52:00
40,38,3,B2606-014,451,5,2027-02-20,MÜN-E04-05,2026-09-07,2026-09-08 17:01:00
41,21,3,B2606-001,10,8,2027-03-26,MÜN-D04-06,2026-07-15,2026-04-06 11:02:00
42,10,3,B2608-011,350,3,,MÜN-E01-03,2026-05-18,2026-04-20 17:49:00
43,20,3,B2606-035,163,7,2027-02-14,MÜN-E01-04,2026-05-15,2026-05-11 17:12:00
44,20,3,B2605-023,136,6,2027-01-16,MÜN-A01-03,2026-07-05,2026-09-14 16:22:00
45,36,3,B2605-022,40,3,2027-06-09,MÜN-C03-01,2026-05-28,2026-07-13 22:52:00
46,36,3,B2605-040,293,17,2027-06-23,MÜN-B02-04,2026-05-12,2026-06-15 13:25:00
47,40,3,B2604-023,313,13,2026-10-28,MÜN-E05-04,2026-05-02,2026-05-03 14:48:00
48,40,3,B2604-029,148,2,2027-05-02,MÜN-C05-07,2026-06-20,2026-09-04 10:03:00
49,19,3,B2607-030,134,15,2026-12-24,MÜN-C05-06,2026-06-11,2026-05-11 08:58:00
50,17,3,B2609-006,103,19,2027-02-11,MÜN-E02-08,2026-06-27,2026-09-07 09:37:00
51,11,3,B2604-045,212,14,,MÜN-B01-08,2026-07-05,2026-05-30 18:08:00
52,29,3,B2609-033,447,8,2027-01-12,MÜN-F04-05,2026-07-08,2026-04-27 10:44:00
53,29,3,B2605-002,23,19,2027-03-29,MÜN-A05-03,2026-09-16,2026-08-15 14:20:00
54,37,3,B2604-005,148,1,2027-06-03,MÜN-C02-06,2026-06-30,2026-04-03 16:06:00
55,37,3,B2604-038,148,6,2027-01-09,MÜN-F01-05,2026-05-31,2026-09-18 07:33:00
56,25,3,B2606-030,258,18,2027-01-09,MÜN-E02-06,2026-09-25,2026-06-04 10:09:00
57,25,3,B2606-041,57,16,2027-06-04,MÜN-F03-02,2026-08-30,2026-05-17 06:19:00
58,34,3,B2609-025,257,15,2026-10-26,MÜN-E02-04,2026-05-31,2026-05-14 19:22:00
59,34,3,B2605-022,58,11,2026-12-19,MÜN-D05-05,2026-07-20,2026-06-10 07:56:00
60,7,3,B2606-048,335,16,,MÜN-E05-04,2026-08-17,2026-05-14 16:44:00
61,18,3,B2604-048,416,15,2026-10-16,MÜN-E03-07,2026-08-02,2026-05-03 11:23:00
62,28,3,B2606-006,120,20,2027-06-11,MÜN-E04-03,2026-08-21,2026-05-11 11:11:00
63,25,4,B2606-047,14,12,2026-10-16,MÜN-F04-03,2026-06-16,2026-07-24 11:35:00
64,25,4,B2605-042,220,6,2027-02-07,MÜN-A01-03,2026-05-12,2026-06-02 14:05:00
65,26,4,B2604-039,303,5,2027-06-24,MÜN-F04-07,2026-05-14,2026-09-25 20:02:00
66,27,4,B2606-004,214,0,2027-07-05,MÜN-E03-07,2026-05-20,2026-05-18 08:30:00
67,28,4,B2608-005,341,1,2026-10-18,MÜN-A01-04,2026-06-02,2026-07-04 12:34:00
68,28,4,B2607-006,327,5,2026-10-20,MÜN-A05-04,2026-07-07,2026-04-02 07:26:00
69,29,4,B2609-003,487,16,2026-10-26,MÜN-C04-05,2026-07-12,2026-04-29 19:53:00
70,29,4,B2605-026,440,1,2027-03-26,MÜN-C02-06,2026-04-03,2026-04-04 16:14:00
71,30,4,B2607-043,112,8,2027-03-28,MÜN-B02-02,2026-05-23,2026-05-21 19:07:00
72,31,4,B2604-028,489,19,2027-06-05,MÜN-C02-04,2026-04-26,2026-07-09 17:17:00
73,32,4,B2607-012,157,3,2027-01-24,MÜN-D04-07,2026-08-12,2026-07-02 21:26:00
74,32,4,B2605-017,467,1,2027-05-31,MÜN-E03-03,2026-09-07,2026-04-12 14:56:00
75,33,4,B2604-033,45,15,2027-03-02,MÜN-E04-01,2026-04-23,2026-08-05 12:11:00
76,34,4,B2608-015,103,1,2027-02-16,MÜN-D03-05,2026-06-08,2026-04-20 21:10:00
77,35,4,B2605-033,186,13,2027-06-26,MÜN-D05-05,2026-07-24,2026-08-24 06:10:00
78,36,4,B2607-049,160,17,2027-01-31,MÜN-B04-01,2026-06-11,2026-09-24 20:11:00
79,37,4,B2604-039,232,8,2026-10-11,MÜN-C02-06,2026-09-08,2026-06-20 21:47:00
80,38,4,B2605-021,99,2,2027-02-14,MÜN-E05-01,2026-04-09,2026-08-27 13:30:00
81,38,4,B2604-020,283,2,2027-03-24,MÜN-D04-02,2026-06-15,2026-05-27 20:32:00
82,39,4,B2604-026,277,8,2027-04-01,MÜN-F04-02,2026-08-17,2026-07-25 17:56:00
83,39,4,B2607-009,222,8,2027-07-10,MÜN-F04-04,2026-07-13,2026-08-20 08:23:00
84,40,4,B2608-048,461,2,2027-07-02,MÜN-E05-01,2026-04-16,2026-05-09 20:30:00
85,15,5,B2608-020,95,18,2026-12-07,HAM-C01-08,2026-09-14,2026-08-22 18:01:00
86,15,5,B2607-003,158,7,2027-06-15,HAM-C01-04,2026-09-28,2026-06-03 20:17:00
87,31,5,B2607-031,313,16,2026-12-11,HAM-F04-04,2026-04-06,2026-07-13 21:44:00
88,31,5,B2605-048,415,3,2027-01-08,HAM-B04-07,2026-07-31,2026-08-26 14:49:00
89,22,5,B2608-028,18,16,2027-05-19,HAM-C02-06,2026-09-21,2026-09-01 07:24:00
90,25,5,B2609-011,115,18,2027-02-20,HAM-F05-08,2026-07-12,2026-04-07 16:51:00
91,39,5,B2606-037,175,0,2027-05-17,HAM-B02-02,2026-09-25,2026-07-26 07:16:00
92,39,5,B2604-035,341,17,2027-06-02,HAM-D04-01,2026-07-14,2026-07-10 12:11:00
93,11,5,B2607-049,400,2,,HAM-B05-01,2026-07-31,2026-05-20 11:49:00
94,11,5,B2608-006,438,16,,HAM-F05-03,2026-08-04,2026-05-01 10:26:00
95,6,5,B2605-030,462,6,,HAM-A04-01,2026-08-15,2026-07-18 15:39:00
96,16,5,B2605-046,217,18,2026-12-12,HAM-F05-04,2026-04-23,2026-09-20 13:20:00
97,4,5,B2609-002,337,19,,HAM-A03-06,2026-08-23,2026-09-04 19:28:00
98,5,5,B2605-005,204,19,,HAM-E03-08,2026-05-19,2026-04-01 17:16:00
99,29,5,B2605-036,281,5,2027-02-12,HAM-E03-04,2026-04-14,2026-09-26 10:50:00
100,29,5,B2604-027,456,2,2027-04-21,HAM-D05-01,2026-07-08,2026-09-10 18:41:00
101,30,5,B2608-038,123,3,2027-05-19,HAM-A01-07,2026-09-14,2026-06-04 10:57:00
102,1,5,B2606-001,271,2,,HAM-B04-01,2026-04-30,2026-07-31 07:59:00
103,1,5,B2607-041,316,4,,HAM-C01-08,2026-04-13,2026-05-23 06:32:00
104,3,5,B2609-005,26,16,,HAM-D02-07,2026-05-09,2026-08-14 11:38:00
105,13,5,B2609-050,291,5,,HAM-C03-06,2026-04-08,2026-09-17 06:29:00
106,13,5,B2608-043,85,16,,HAM-E03-03,2026-09-12,2026-09-13 20:40:00
107,20,5,B2608-044,48,13,2027-03-23,HAM-A05-07,2026-04-29,2026-05-14 21:25:00
108,33,5,B2604-016,17,17,2026-10-15,HAM-E01-08,2026-04-15,2026-09-10 11:59:00
109,28,5,B2606-039,354,8,2027-01-29,HAM-D02-05,2026-06-25,2026-08-12 21:57:00
110,23,5,B2609-043,101,0,2027-02-18,HAM-B03-03,2026-09-16,2026-07-05 12:26:00
111,26,5,B2605-030,309,2,2027-01-13,HAM-C02-01,2026-05-17,2026-08-20 14:36:00
112,15,6,B2609-049,431,1,2027-03-11,HAM-D01-03,2026-06-15,2026-06-02 18:20:00
113,16,6,B2605-045,401,9,2026-10-22,HAM-D03-02,2026-09-27,2026-08-15 20:50:00
114,17,6,B2607-045,492,8,2027-02-05,HAM-C05-03,2026-05-01,2026-06-30 20:31:00
115,18,6,B2607-010,199,8,2027-03-17,HAM-B02-04,2026-07-19,2026-04-10 18:25:00
116,19,6,B2606-038,319,19,2027-03-19,HAM-A02-06,2026-08-27,2026-06-19 21:58:00
117,19,6,B2606-012,447,5,2026-10-12,HAM-E05-07,2026-05-18,2026-05-13 19:36:00
118,20,6,B2607-037,15,12,2026-12-23,HAM-E04-03,2026-05-19,2026-06-28 18:39:00
119,21,6,B2608-048,475,19,2027-01-13,HAM-E05-04,2026-05-26,2026-06-22 21:55:00
120,21,6,B2607-029,214,17,2027-06-04,HAM-E02-06,2026-07-21,2026-04-04 15:07:00
121,22,6,B2608-016,278,5,2026-10-19,HAM-A03-04,2026-09-02,2026-08-14 12:48:00
122,23,6,B2604-005,89,4,2026-12-12,HAM-C03-01,2026-09-15,2026-09-16 20:59:00
123,24,6,B2606-048,440,19,2026-12-22,HAM-F02-01,2026-06-12,2026-08-23 08:13:00
124,26,7,B2607-021,18,6,2027-05-01,FRA-B05-08,2026-05-04,2026-04-09 19:41:00
125,22,7,B2609-045,353,12,2027-06-13,FRA-B03-01,2026-06-24,2026-09-06 10:03:00
126,1,7,B2605-002,129,10,,FRA-E04-07,2026-07-19,2026-09-03 09:39:00
127,15,7,B2608-050,296,19,2027-07-27,FRA-E01-06,2026-07-12,2026-08-15 10:56:00
128,15,7,B2605-041,12,1,2027-03-08,FRA-A04-07,2026-07-14,2026-04-26 22:27:00
129,24,7,B2609-042,255,4,2027-05-20,FRA-C01-05,2026-06-03,2026-06-18 21:16:00
130,17,7,B2609-013,93,10,2026-12-23,FRA-D05-06,2026-07-13,2026-04-25 06:03:00
131,3,7,B2609-011,263,6,,FRA-A04-06,2026-04-16,2026-05-28 19:05:00
132,20,7,B2609-022,400,5,2027-01-11,FRA-E05-02,2026-08-30,2026-05-21 22:30:00
133,20,7,B2606-047,109,6,2027-01-22,FRA-B03-05,2026-06-10,2026-07-24 15:35:00
134,11,7,B2607-028,409,8,,FRA-A04-07,2026-05-03,2026-05-28 16:04:00
135,18,7,B2607-021,463,0,2027-04-04,FRA-A05-02,2026-07-30,2026-09-09 07:58:00
136,18,7,B2604-031,362,17,2027-03-06,FRA-F02-03,2026-08-16,2026-08-30 17:05:00
137,34,7,B2608-005,206,6,2026-12-14,FRA-E03-01,2026-06-28,2026-06-28 08:46:00
138,12,7,B2607-017,58,10,,FRA-C05-07,2026-09-19,2026-07-03 13:38:00
139,29,7,B2607-001,481,12,2026-10-26,FRA-A03-01,2026-08-29,2026-06-02 06:45:00
140,30,7,B2604-049,467,9,2026-10-19,FRA-B05-03,2026-05-16,2026-04-21 06:43:00
141,14,7,B2605-050,205,12,,FRA-F01-04,2026-08-10,2026-07-05 18:43:00
142,23,7,B2608-001,331,0,2027-04-20,FRA-B04-06,2026-05-11,2026-09-03 16:05:00
143,23,7,B2609-039,471,12,2027-03-26,FRA-B02-04,2026-06-27,2026-07-16 10:12:00
144,8,7,B2607-020,107,19,,FRA-C01-01,2026-07-20,2026-08-03 07:32:00
145,38,7,B2608-011,319,17,2026-12-15,FRA-A01-02,2026-08-17,2026-09-25 15:55:00
146,21,7,B2605-025,57,6,2027-07-26,FRA-D01-02,2026-06-25,2026-08-16 14:35:00
147,36,7,B2605-012,34,10,2027-03-17,FRA-F01-02,2026-08-31,2026-09-15 18:02:00
148,25,8,B2605-039,242,5,2026-10-21,FRA-D01-08,2026-08-01,2026-06-09 17:45:00
149,26,8,B2609-050,255,1,2027-05-27,FRA-B02-02,2026-07-23,2026-04-17 15:24:00
150,27,8,B2605-037,431,19,2027-06-09,FRA-C04-08,2026-07-09,2026-07-14 10:55:00
151,28,8,B2607-001,137,10,2027-05-01,FRA-C02-01,2026-05-06,2026-07-08 08:47:00
152,29,8,B2608-029,18,4,2027-07-01,FRA-A02-07,2026-08-11,2026-07-12 07:21:00
153,30,8,B2607-016,36,12,2027-03-16,FRA-D01-06,2026-04-12,2026-05-04 22:56:00
154,30,8,B2606-001,338,2,2027-03-24,FRA-E05-02,2026-04-03,2026-05-26 07:37:00
155,31,8,B2609-002,94,1,2027-02-03,FRA-B03-03,2026-04-06,2026-09-03 14:21:00
156,32,8,B2607-045,112,14,2027-04-29,FRA-E03-04,2026-04-29,2026-08-26 11:25:00
157,33,8,B2607-023,329,17,2027-01-08,FRA-D03-06,2026-06-05,2026-06-09 10:02:00
158,34,8,B2609-019,392,17,2027-02-15,FRA-C02-02,2026-05-02,2026-08-21 06:40:00
159,35,8,B2609-023,377,17,2027-03-04,FRA-E02-05,2026-06-12,2026-06-24 18:25:00
160,36,8,B2605-008,95,19,2027-03-09,FRA-D05-08,2026-04-14,2026-06-20 19:24:00
161,37,8,B2605-020,425,13,2026-10-24,FRA-E04-01,2026-07-24,2026-04-03 15:28:00
162,38,8,B2604-009,88,13,2027-03-18,FRA-B03-02,2026-07-03,2026-08-08 17:01:00
163,38,8,B2604-005,46,11,2027-05-28,FRA-D02-02,2026-07-18,2026-08-06 09:20:00
164,39,8,B2606-009,187,16,2026-12-20,FRA-B03-05,2026-04-20,2026-05-24 13:37:00
165,40,8,B2607-017,236,18,2027-06-04,FRA-F03-04,2026-04-25,2026-09-22 16:44:00
