txn_id,txn_type,location_id,warehouse_id,supplier_id,user_id,reference_no,department_requestor,txn_date,remarks,created_at
1,ISSUE,1,1,,3,REQ-202606-451,Spa,2026-06-09 15:38:00,,2026-06-09 15:38:00
2,MINIBAR_SALE,3,5,,14,ROOM-158,,2026-07-23 19:35:00,,2026-07-23 19:35:00
3,ADJUSTMENT,1,2,,3,ADJ-202605-898,Engineering,2026-05-24 13:42:00,,2026-05-24 13:42:00
4,TRANSFER,2,3,,8,TRF-202607-328,,2026-07-27 17:19:00,,2026-07-27 17:19:00
5,ISSUE,4,8,,19,REQ-202604-694,F&B,2026-04-08 09:56:00,,2026-04-08 09:56:00
6,ISSUE,4,7,,19,REQ-202608-780,Housekeeping,2026-08-12 12:23:00,,2026-08-12 12:23:00
7,MINIBAR_SALE,2,4,,10,ROOM-208,,2026-07-13 06:19:00,,2026-07-13 06:19:00
8,ISSUE,2,4,,8,REQ-202608-804,Spa,2026-08-05 18:15:00,,2026-08-05 18:15:00
9,RECEIVING,2,3,11,8,PO-202607-643,,2026-07-26 10:51:00,,2026-07-26 10:51:00
10,ISSUE,1,1,,3,REQ-202605-319,Spa,2026-05-09 13:24:00,,2026-05-09 13:24:00
11,ISSUE,1,2,,4,REQ-202608-499,Kitchen,2026-08-01 06:22:00,,2026-08-01 06:22:00
12,ISSUE,4,8,,19,REQ-202606-954,Engineering,2026-06-26 18:17:00,,2026-06-26 18:17:00
13,RECEIVING,1,1,10,2,PO-202606-256,,2026-06-03 12:53:00,,2026-06-03 12:53:00
14,MINIBAR_SALE,1,1,,4,ROOM-260,,2026-06-19 09:37:00,,2026-06-19 09:37:00
15,MINIBAR_SALE,4,8,,19,ROOM-145,,2026-07-21 14:20:00,,2026-07-21 14:20:00
16,MINIBAR_SALE,4,7,,20,ROOM-330,,2026-09-24 21:41:00,,2026-09-24 21:41:00
17,MINIBAR_SALE,2,4,,10,ROOM-341,,2026-04-27 06:36:00,,2026-04-27 06:36:00
18,ISSUE,4,8,,18,REQ-202608-312,Kitchen,2026-08-24 07:39:00,,2026-08-24 07:39:00
19,RETURN,2,4,5,7,RET-202604-946,,2026-04-30 13:41:00,,2026-04-30 13:41:00
20,MINIBAR_SALE,4,8,,19,ROOM-407,,2026-08-07 21:28:00,,2026-08-07 21:28:00
21,ISSUE,2,4,,9,REQ-202608-699,F&B,2026-08-11 20:58:00,,2026-08-11 20:58:00
22,RECEIVING,3,6,1,15,PO-202604-773,,2026-04-30 18:55:00,,2026-04-30 18:55:00
23,ISSUE,1,2,,4,REQ-202605-822,Front Office,2026-05-01 10:31:00,,2026-05-01 10:31:00
24,ISSUE,1,2,,3,REQ-202606-651,Laundry,2026-06-16 21:55:00,,2026-06-16 21:55:00
25,SPOILAGE_DAMAGE,2,4,,9,DMG-202604-990,Engineering,2026-04-10 10:32:00,,2026-04-10 10:32:00
26,TRANSFER,2,3,,8,TRF-202607-765,,2026-07-30 14:21:00,,2026-07-30 14:21:00
27,MINIBAR_SALE,2,4,,9,ROOM-490,,2026-05-29 08:27:00,,2026-05-29 08:27:00
28,MINIBAR_SALE,4,8,,20,ROOM-348,,2026-07-26 15:12:00,,2026-07-26 15:12:00
29,ADJUSTMENT,4,8,,16,ADJ-202605-356,Front Office,2026-05-29 17:14:00,,2026-05-29 17:14:00
30,ADJUSTMENT,4,8,,16,ADJ-202606-872,F&B,2026-06-26 09:29:00,,2026-06-26 09:29:00
31,ISSUE,3,5,,13,REQ-202609-674,Front Office,2026-09-20 13:30:00,,2026-09-20 13:30:00
32,ISSUE,2,4,,9,REQ-202607-860,Front Office,2026-07-26 17:42:00,,2026-07-26 17:42:00
33,ADJUSTMENT,4,7,,16,ADJ-202609-905,Housekeeping,2026-09-17 12:41:00,,2026-09-17 12:41:00
34,RETURN,1,2,3,3,RET-202605-212,,2026-05-08 10:34:00,,2026-05-08 10:34:00
35,RECEIVING,3,5,2,12,PO-202605-587,,2026-05-03 19:33:00,,2026-05-03 19:33:00
36,ISSUE,4,7,,18,REQ-202604-229,Housekeeping,2026-04-21 16:38:00,,2026-04-21 16:38:00
37,ISSUE,2,4,,9,REQ-202606-197,Spa,2026-06-26 20:25:00,,2026-06-26 20:25:00
38,ISSUE,3,5,,15,REQ-202607-533,Kitchen,2026-07-15 17:55:00,,2026-07-15 17:55:00
39,RECEIVING,3,6,3,12,PO-202606-679,,2026-06-26 17:00:00,,2026-06-26 17:00:00
40,MINIBAR_SALE,1,2,,5,ROOM-313,,2026-07-23 19:31:00,,2026-07-23 19:31:00
41,ISSUE,4,7,,18,REQ-202605-672,Front Office,2026-05-04 18:34:00,,2026-05-04 18:34:00
42,ISSUE,4,7,,19,REQ-202607-441,F&B,2026-07-11 15:47:00,,2026-07-11 15:47:00
43,MINIBAR_SALE,3,6,,14,ROOM-327,,2026-05-09 20:04:00,,2026-05-09 20:04:00
44,MINIBAR_SALE,1,1,,4,ROOM-287,,2026-09-29 20:28:00,,2026-09-29 20:28:00
45,ADJUSTMENT,3,6,,15,ADJ-202605-758,Laundry,2026-05-04 08:19:00,,2026-05-04 08:19:00
46,ISSUE,2,4,,8,REQ-202605-548,Spa,2026-05-10 11:11:00,,2026-05-10 11:11:00
47,MINIBAR_SALE,4,7,,20,ROOM-200,,2026-08-15 13:19:00,,2026-08-15 13:19:00
48,ISSUE,2,4,,9,REQ-202604-127,Engineering,2026-04-24 13:52:00,,2026-04-24 13:52:00
49,MINIBAR_SALE,4,8,,19,ROOM-110,,2026-09-05 06:57:00,,2026-09-05 06:57:00
50,ISSUE,1,2,,3,REQ-202606-469,Front Office,2026-06-01 19:11:00,,2026-06-01 19:11:00
51,MINIBAR_SALE,3,6,,14,ROOM-277,,2026-04-05 17:50:00,,2026-04-05 17:50:00
52,RECEIVING,2,3,9,8,PO-202605-507,,2026-05-22 07:20:00,,2026-05-22 07:20:00
53,ISSUE,2,4,,9,REQ-202606-402,Spa,2026-06-22 09:05:00,,2026-06-22 09:05:00
54,RECEIVING,4,8,10,17,PO-202608-794,,2026-08-10 11:01:00,,2026-08-10 11:01:00
55,MINIBAR_SALE,4,8,,20,ROOM-461,,2026-08-22 09:16:00,,2026-08-22 09:16:00
56,RETURN,2,4,8,8,RET-202604-922,,2026-04-07 17:35:00,,2026-04-07 17:35:00
57,RECEIVING,3,5,6,15,PO-202607-231,,2026-07-25 20:43:00,,2026-07-25 20:43:00
58,ISSUE,2,3,,8,REQ-202605-984,Kitchen,2026-05-14 16:53:00,,2026-05-14 16:53:00
59,MINIBAR_SALE,4,7,,20,ROOM-348,,2026-08-06 15:41:00,,2026-08-06 15:41:00
60,RECEIVING,3,5,5,12,PO-202606-560,,2026-06-21 13:29:00,,2026-06-21 13:29:00
61,RETURN,3,5,8,13,RET-202605-415,,2026-05-11 21:32:00,,2026-05-11 21:32:00
62,RECEIVING,4,8,7,17,PO-202606-237,,2026-06-13 06:54:00,,2026-06-13 06:54:00
63,MINIBAR_SALE,3,5,,14,ROOM-507,,2026-05-03 09:25:00,,2026-05-03 09:25:00
64,SPOILAGE_DAMAGE,3,6,,15,DMG-202608-676,Spa,2026-08-08 22:34:00,,2026-08-08 22:34:00
65,RECEIVING,4,7,4,17,PO-202609-119,,2026-09-22 13:02:00,,2026-09-22 13:02:00
66,ISSUE,2,4,,9,REQ-202608-890,Spa,2026-08-15 16:34:00,,2026-08-15 16:34:00
67,ADJUSTMENT,3,6,,15,ADJ-202605-675,Engineering,2026-05-25 12:52:00,,2026-05-25 12:52:00
68,MINIBAR_SALE,4,8,,20,ROOM-265,,2026-09-14 12:48:00,,2026-09-14 12:48:00
69,ADJUSTMENT,3,6,,11,ADJ-202607-616,Kitchen,2026-07-26 22:31:00,,2026-07-26 22:31:00
70,TRANSFER,4,8,,18,TRF-202608-785,,2026-08-10 16:05:00,,2026-08-10 16:05:00
71,RECEIVING,4,7,10,18,PO-202607-840,,2026-07-24 14:21:00,,2026-07-24 14:21:00
72,SPOILAGE_DAMAGE,4,7,,19,DMG-202607-582,Front Office,2026-07-26 17:26:00,,2026-07-26 17:26:00
73,ISSUE,4,8,,19,REQ-202608-926,Spa,2026-08-23 07:35:00,,2026-08-23 07:35:00
74,ADJUSTMENT,1,2,,3,ADJ-202604-238,Kitchen,2026-04-09 15:26:00,,2026-04-09 15:26:00
75,ISSUE,1,1,,3,REQ-202609-311,F&B,2026-09-17 19:39:00,,2026-09-17 19:39:00
76,ISSUE,1,2,,3,REQ-202607-984,Kitchen,2026-07-22 13:34:00,,2026-07-22 13:34:00
77,ISSUE,3,6,,13,REQ-202605-978,Engineering,2026-05-18 21:15:00,,2026-05-18 21:15:00
78,TRANSFER,2,3,,8,TRF-202608-410,,2026-08-01 12:55:00,,2026-08-01 12:55:00
79,ISSUE,2,3,,9,REQ-202607-389,Kitchen,2026-07-11 13:35:00,,2026-07-11 13:35:00
80,RECEIVING,4,8,7,17,PO-202605-683,,2026-05-10 12:21:00,,2026-05-10 12:21:00
81,ISSUE,1,2,,3,REQ-202609-664,Front Office,2026-09-16 21:01:00,,2026-09-16 21:01:00
82,MINIBAR_SALE,3,6,,14,ROOM-308,,2026-06-08 18:05:00,,2026-06-08 18:05:00
83,ADJUSTMENT,3,5,,11,ADJ-202605-247,Front Office,2026-05-16 16:01:00,,2026-05-16 16:01:00
84,MINIBAR_SALE,4,8,,20,ROOM-322,,2026-05-29 17:35:00,,2026-05-29 17:35:00
85,RECEIVING,3,6,2,12,PO-202607-291,,2026-07-02 14:06:00,,2026-07-02 14:06:00
86,ISSUE,2,4,,9,REQ-202605-604,Engineering,2026-05-14 10:17:00,,2026-05-14 10:17:00
87,ADJUSTMENT,4,7,,18,ADJ-202607-505,Housekeeping,2026-07-27 09:08:00,,2026-07-27 09:08:00
88,MINIBAR_SALE,4,7,,20,ROOM-287,,2026-06-23 18:17:00,,2026-06-23 18:17:00
89,RETURN,4,8,11,18,RET-202605-257,,2026-05-06 15:15:00,,2026-05-06 15:15:00
90,ISSUE,2,4,,8,REQ-202607-125,Engineering,2026-07-05 18:29:00,,2026-07-05 18:29:00
91,MINIBAR_SALE,4,8,,19,ROOM-112,,2026-04-18 15:02:00,,2026-04-18 15:02:00
92,ISSUE,3,6,,15,REQ-202607-919,Spa,2026-07-27 11:52:00,,2026-07-27 11:52:00
93,ISSUE,2,4,,8,REQ-202607-270,Front Office,2026-07-18 11:31:00,,2026-07-18 11:31:00
94,MINIBAR_SALE,4,8,,19,ROOM-508,,2026-08-04 11:05:00,,2026-08-04 11:05:00
95,ISSUE,2,4,,9,REQ-202609-626,Kitchen,2026-09-28 15:18:00,,2026-09-28 15:18:00
96,ISSUE,3,6,,15,REQ-202607-989,Housekeeping,2026-07-26 21:20:00,,2026-07-26 21:20:00
97,RECEIVING,4,7,3,18,PO-202609-995,,2026-09-24 10:56:00,,2026-09-24 10:56:00
98,RECEIVING,4,7,1,18,PO-202605-108,,2026-05-04 13:33:00,,2026-05-04 13:33:00
99,ISSUE,2,3,,8,REQ-202607-202,Housekeeping,2026-07-15 20:55:00,,2026-07-15 20:55:00
100,ISSUE,3,5,,15,REQ-202609-621,Front Office,2026-09-16 15:13:00,,2026-09-16 15:13:00
101,RECEIVING,1,2,6,3,PO-202606-659,,2026-06-21 10:24:00,,2026-06-21 10:24:00
102,ISSUE,3,5,,13,REQ-202608-434,Front Office,2026-08-09 12:51:00,,2026-08-09 12:51:00
103,MINIBAR_SALE,2,4,,10,ROOM-186,,2026-06-28 22:33:00,,2026-06-28 22:33:00
104,ISSUE,1,1,,3,REQ-202605-983,Kitchen,2026-05-29 22:00:00,,2026-05-29 22:00:00
105,ADJUSTMENT,1,2,,3,ADJ-202605-427,Spa,2026-05-28 16:15:00,,2026-05-28 16:15:00
106,TRANSFER,3,6,,15,TRF-202606-108,,2026-06-23 08:35:00,,2026-06-23 08:35:00
107,RECEIVING,4,7,6,17,PO-202605-101,,2026-05-30 17:40:00,,2026-05-30 17:40:00
108,ISSUE,2,3,,9,REQ-202606-502,Kitchen,2026-06-14 14:54:00,,2026-06-14 14:54:00
109,TRANSFER,1,1,,3,TRF-202609-320,,2026-09-23 15:52:00,,2026-09-23 15:52:00
110,RETURN,3,5,1,12,RET-202608-166,,2026-08-28 14:58:00,,2026-08-28 14:58:00
111,MINIBAR_SALE,4,8,,19,ROOM-244,,2026-08-19 21:03:00,,2026-08-19 21:03:00
112,SPOILAGE_DAMAGE,1,1,,3,DMG-202609-324,Kitchen,2026-09-16 13:17:00,,2026-09-16 13:17:00
113,MINIBAR_SALE,1,2,,4,ROOM-513,,2026-04-01 16:58:00,,2026-04-01 16:58:00
114,ISSUE,2,3,,9,REQ-202607-824,F&B,2026-07-21 21:41:00,,2026-07-21 21:41:00
115,ADJUSTMENT,2,4,,8,ADJ-202604-751,F&B,2026-04-20 13:22:00,,2026-04-20 13:22:00
116,ISSUE,1,1,,4,REQ-202604-523,F&B,2026-04-13 18:28:00,,2026-04-13 18:28:00
117,RECEIVING,4,7,1,18,PO-202604-541,,2026-04-20 08:21:00,,2026-04-20 08:21:00
118,RECEIVING,1,2,1,2,PO-202609-311,,2026-09-17 21:12:00,,2026-09-17 21:12:00
119,MINIBAR_SALE,4,7,,19,ROOM-329,,2026-07-04 18:23:00,,2026-07-04 18:23:00
120,RETURN,4,7,9,18,RET-202608-528,,2026-08-20 07:53:00,,2026-08-20 07:53:00
121,TRANSFER,3,6,,15,TRF-202604-665,,2026-04-18 08:24:00,,2026-04-18 08:24:00
122,ISSUE,1,1,,4,REQ-202608-648,Kitchen,2026-08-23 09:50:00,,2026-08-23 09:50:00
123,MINIBAR_SALE,1,2,,5,ROOM-519,,2026-06-08 17:01:00,,2026-06-08 17:01:00
124,ISSUE,1,1,,4,REQ-202606-991,F&B,2026-06-01 17:31:00,,2026-06-01 17:31:00
125,ISSUE,4,7,,18,REQ-202609-277,Spa,2026-09-22 06:30:00,,2026-09-22 06:30:00
126,ISSUE,1,2,,4,REQ-202604-383,Kitchen,2026-04-17 16:17:00,,2026-04-17 16:17:00
127,SPOILAGE_DAMAGE,3,6,,11,DMG-202607-825,Front Office,2026-07-13 18:47:00,,2026-07-13 18:47:00
128,ISSUE,2,4,,9,REQ-202607-401,Front Office,2026-07-17 16:23:00,,2026-07-17 16:23:00
129,SPOILAGE_DAMAGE,3,6,,14,DMG-202608-832,Kitchen,2026-08-24 20:09:00,,2026-08-24 20:09:00
130,ISSUE,2,4,,9,REQ-202604-539,Spa,2026-04-23 10:39:00,,2026-04-23 10:39:00
131,MINIBAR_SALE,3,6,,14,ROOM-186,,2026-05-04 09:24:00,,2026-05-04 09:24:00
132,ISSUE,4,8,,19,REQ-202605-333,Housekeeping,2026-05-19 11:58:00,,2026-05-19 11:58:00
133,MINIBAR_SALE,1,2,,4,ROOM-405,,2026-09-11 14:49:00,,2026-09-11 14:49:00
134,ISSUE,2,3,,9,REQ-202609-203,Spa,2026-09-25 06:19:00,,2026-09-25 06:19:00
135,ADJUSTMENT,3,5,,11,ADJ-202604-955,Housekeeping,2026-04-01 06:42:00,,2026-04-01 06:42:00
136,ISSUE,3,6,,13,REQ-202604-972,Housekeeping,2026-04-30 09:54:00,,2026-04-30 09:54:00
137,RECEIVING,4,8,7,18,PO-202606-764,,2026-06-09 18:44:00,,2026-06-09 18:44:00
138,MINIBAR_SALE,1,1,,4,ROOM-322,,2026-09-19 16:33:00,,2026-09-19 16:33:00
139,SPOILAGE_DAMAGE,1,1,,3,DMG-202607-193,Kitchen,2026-07-13 19:02:00,,2026-07-13 19:02:00
140,ISSUE,4,7,,18,REQ-202606-502,Kitchen,2026-06-05 12:12:00,,2026-06-05 12:12:00
141,MINIBAR_SALE,4,8,,20,ROOM-103,,2026-09-16 22:08:00,,2026-09-16 22:08:00
142,ISSUE,3,6,,15,REQ-202609-615,F&B,2026-09-20 10:45:00,,2026-09-20 10:45:00
143,SPOILAGE_DAMAGE,3,5,,11,DMG-202604-933,Engineering,2026-04-16 15:13:00,,2026-04-16 15:13:00
144,ISSUE,4,7,,18,REQ-202609-842,Kitchen,2026-09-10 17:48:00,,2026-09-10 17:48:00
145,RECEIVING,3,6,1,13,PO-202605-438,,2026-05-04 11:37:00,,2026-05-04 11:37:00
146,SPOILAGE_DAMAGE,1,1,,4,DMG-202607-318,F&B,2026-07-16 18:05:00,,2026-07-16 18:05:00
147,ISSUE,4,8,,18,REQ-202604-626,Engineering,2026-04-12 15:57:00,,2026-04-12 15:57:00
148,RECEIVING,2,4,11,8,PO-202604-936,,2026-04-27 12:34:00,,2026-04-27 12:34:00
149,RECEIVING,1,1,5,2,PO-202606-517,,2026-06-04 08:36:00,,2026-06-04 08:36:00
150,ISSUE,1,2,,3,REQ-202607-260,Laundry,2026-07-22 18:25:00,,2026-07-22 18:25:00
151,MINIBAR_SALE,3,5,,14,ROOM-195,,2026-07-15 22:09:00,,2026-07-15 22:09:00
152,SPOILAGE_DAMAGE,3,5,,14,DMG-202609-171,Front Office,2026-09-19 13:06:00,,2026-09-19 13:06:00
153,RECEIVING,2,3,3,8,PO-202609-795,,2026-09-30 19:17:00,,2026-09-30 19:17:00
154,ISSUE,4,7,,19,REQ-202607-575,F&B,2026-07-03 18:14:00,,2026-07-03 18:14:00
155,ISSUE,1,2,,3,REQ-202607-910,Front Office,2026-07-04 13:02:00,,2026-07-04 13:02:00
156,ISSUE,4,8,,19,REQ-202607-328,Laundry,2026-07-03 08:33:00,,2026-07-03 08:33:00
157,ISSUE,3,5,,13,REQ-202608-265,Front Office,2026-08-02 21:30:00,,2026-08-02 21:30:00
158,ADJUSTMENT,2,4,,8,ADJ-202609-324,F&B,2026-09-03 21:55:00,,2026-09-03 21:55:00
159,TRANSFER,1,1,,3,TRF-202608-893,,2026-08-02 10:57:00,,2026-08-02 10:57:00
160,MINIBAR_SALE,1,1,,4,ROOM-453,,2026-08-12 06:24:00,,2026-08-12 06:24:00
161,RETURN,4,8,6,17,RET-202604-181,,2026-04-23 08:16:00,,2026-04-23 08:16:00
162,SPOILAGE_DAMAGE,1,2,,4,DMG-202607-700,Laundry,2026-07-12 17:42:00,,2026-07-12 17:42:00
163,SPOILAGE_DAMAGE,3,5,,15,DMG-202609-104,Front Office,2026-09-03 12:29:00,,2026-09-03 12:29:00
164,ISSUE,4,8,,18,REQ-202608-447,Kitchen,2026-08-23 21:49:00,,2026-08-23 21:49:00
165,ADJUSTMENT,4,8,,18,ADJ-202606-864,F&B,2026-06-30 12:57:00,,2026-06-30 12:57:00
166,ISSUE,3,6,,14,REQ-202605-868,F&B,2026-05-17 22:17:00,,2026-05-17 22:17:00
167,ISSUE,1,2,,4,REQ-202607-375,F&B,2026-07-02 14:11:00,,2026-07-02 14:11:00
168,RETURN,3,5,4,13,RET-202608-249,,2026-08-21 19:54:00,,2026-08-21 19:54:00
169,RECEIVING,3,6,5,15,PO-202607-452,,2026-07-02 17:35:00,,2026-07-02 17:35:00
170,MINIBAR_SALE,2,4,,10,ROOM-497,,2026-06-30 16:43:00,,2026-06-30 16:43:00
171,ISSUE,4,7,,19,REQ-202604-155,Front Office,2026-04-25 08:59:00,,2026-04-25 08:59:00
172,MINIBAR_SALE,4,8,,20,ROOM-327,,2026-05-29 13:47:00,,2026-05-29 13:47:00
173,RECEIVING,4,8,5,18,PO-202606-711,,2026-06-16 06:49:00,,2026-06-16 06:49:00
174,RETURN,2,4,9,7,RET-202604-882,,2026-04-21 19:40:00,,2026-04-21 19:40:00
175,SPOILAGE_DAMAGE,3,6,,11,DMG-202605-192,F&B,2026-05-03 20:46:00,,2026-05-03 20:46:00
176,RETURN,3,5,2,13,RET-202605-656,,2026-05-08 07:17:00,,2026-05-08 07:17:00
177,SPOILAGE_DAMAGE,2,4,,6,DMG-202604-498,Laundry,2026-04-25 22:42:00,,2026-04-25 22:42:00
178,RECEIVING,1,2,4,2,PO-202609-261,,2026-09-24 10:23:00,,2026-09-24 10:23:00
179,RETURN,4,7,5,17,RET-202604-140,,2026-04-06 18:22:00,,2026-04-06 18:22:00
180,RETURN,3,6,3,15,RET-202604-119,,2026-04-01 22:24:00,,2026-04-01 22:24:00
181,MINIBAR_SALE,1,1,,4,ROOM-192,,2026-08-12 08:02:00,,2026-08-12 08:02:00
182,ISSUE,2,4,,9,REQ-202604-781,Spa,2026-04-28 17:43:00,,2026-04-28 17:43:00
183,ISSUE,4,8,,18,REQ-202609-884,Laundry,2026-09-03 13:36:00,,2026-09-03 13:36:00
184,ADJUSTMENT,2,3,,6,ADJ-202604-371,F&B,2026-04-10 20:22:00,,2026-04-10 20:22:00
185,ISSUE,1,2,,3,REQ-202604-442,Kitchen,2026-04-10 18:05:00,,2026-04-10 18:05:00
186,ISSUE,2,4,,8,REQ-202608-849,Spa,2026-08-07 13:09:00,,2026-08-07 13:09:00
187,ISSUE,4,8,,18,REQ-202609-672,Laundry,2026-09-26 10:48:00,,2026-09-26 10:48:00
188,ISSUE,1,1,,4,REQ-202609-295,Engineering,2026-09-19 19:27:00,,2026-09-19 19:27:00
189,RECEIVING,1,1,5,2,PO-202604-114,,2026-04-14 13:39:00,,2026-04-14 13:39:00
190,MINIBAR_SALE,2,3,,10,ROOM-188,,2026-07-06 22:02:00,,2026-07-06 22:02:00
191,TRANSFER,1,2,,3,TRF-202609-620,,2026-09-14 18:14:00,,2026-09-14 18:14:00
192,ISSUE,3,5,,13,REQ-202608-363,Spa,2026-08-07 14:51:00,,2026-08-07 14:51:00
193,ADJUSTMENT,3,6,,15,ADJ-202608-694,F&B,2026-08-17 10:13:00,,2026-08-17 10:13:00
194,MINIBAR_SALE,4,8,,20,ROOM-178,,2026-06-17 20:47:00,,2026-06-17 20:47:00
195,MINIBAR_SALE,4,7,,19,ROOM-412,,2026-07-19 18:49:00,,2026-07-19 18:49:00
196,RECEIVING,2,4,3,7,PO-202607-564,,2026-07-15 16:28:00,,2026-07-15 16:28:00
197,ISSUE,2,4,,8,REQ-202608-887,F&B,2026-08-23 10:10:00,,2026-08-23 10:10:00
198,ISSUE,1,1,,3,REQ-202608-289,Housekeeping,2026-08-19 14:39:00,,2026-08-19 14:39:00
199,RECEIVING,4,7,8,17,PO-202605-867,,2026-05-12 15:39:00,,2026-05-12 15:39:00
200,MINIBAR_SALE,1,1,,5,ROOM-233,,2026-08-02 15:27:00,,2026-08-02 15:27:00
201,MINIBAR_SALE,1,2,,4,ROOM-190,,2026-06-27 18:46:00,,2026-06-27 18:46:00
202,TRANSFER,3,6,,15,TRF-202608-918,,2026-08-21 06:13:00,,2026-08-21 06:13:00
203,ISSUE,3,5,,13,REQ-202604-306,Kitchen,2026-04-29 17:50:00,,2026-04-29 17:50:00
204,ADJUSTMENT,3,6,,15,ADJ-202605-235,Spa,2026-05-07 09:52:00,,2026-05-07 09:52:00
205,ISSUE,1,1,,4,REQ-202608-314,Spa,2026-08-12 15:01:00,,2026-08-12 15:01:00
206,SPOILAGE_DAMAGE,1,1,,4,DMG-202608-244,Engineering,2026-08-17 17:35:00,,2026-08-17 17:35:00
207,RETURN,1,2,2,3,RET-202608-566,,2026-08-24 10:05:00,,2026-08-24 10:05:00
208,RECEIVING,1,2,9,3,PO-202608-572,,2026-08-21 08:50:00,,2026-08-21 08:50:00
209,RECEIVING,1,2,8,2,PO-202604-280,,2026-04-30 20:20:00,,2026-04-30 20:20:00
210,RETURN,1,1,7,3,RET-202609-730,,2026-09-17 10:28:00,,2026-09-17 10:28:00
211,MINIBAR_SALE,4,7,,19,ROOM-101,,2026-06-15 07:23:00,,2026-06-15 07:23:00
212,ADJUSTMENT,4,7,,18,ADJ-202607-463,Laundry,2026-07-26 22:27:00,,2026-07-26 22:27:00
213,ISSUE,3,5,,14,REQ-202604-694,Housekeeping,2026-04-10 21:45:00,,2026-04-10 21:45:00
214,MINIBAR_SALE,3,5,,14,ROOM-394,,2026-07-30 20:32:00,,2026-07-30 20:32:00
215,RETURN,2,4,6,7,RET-202605-186,,2026-05-17 22:55:00,,2026-05-17 22:55:00
216,ISSUE,4,8,,19,REQ-202606-395,Housekeeping,2026-06-07 10:33:00,,2026-06-07 10:33:00
217,MINIBAR_SALE,1,1,,4,ROOM-451,,2026-07-15 09:33:00,,2026-07-15 09:33:00
218,MINIBAR_SALE,3,6,,14,ROOM-500,,2026-09-25 16:16:00,,2026-09-25 16:16:00
219,ISSUE,2,4,,8,REQ-202605-887,Front Office,2026-05-16 21:06:00,,2026-05-16 21:06:00
220,ISSUE,3,6,,15,REQ-202608-602,Kitchen,2026-08-26 06:32:00,,2026-08-26 06:32:00
221,ISSUE,3,5,,13,REQ-202607-667,F&B,2026-07-27 15:41:00,,2026-07-27 15:41:00
222,MINIBAR_SALE,4,7,,19,ROOM-172,,2026-09-09 20:47:00,,2026-09-09 20:47:00
223,RECEIVING,1,2,11,2,PO-202604-783,,2026-04-11 18:07:00,,2026-04-11 18:07:00
224,RETURN,1,2,2,2,RET-202609-216,,2026-09-04 11:53:00,,2026-09-04 11:53:00
225,RECEIVING,4,7,1,17,PO-202604-283,,2026-04-05 21:05:00,,2026-04-05 21:05:00
226,RECEIVING,3,6,1,15,PO-202607-710,,2026-07-15 13:11:00,,2026-07-15 13:11:00
227,SPOILAGE_DAMAGE,1,2,,4,DMG-202608-741,Kitchen,2026-08-17 22:14:00,,2026-08-17 22:14:00
228,MINIBAR_SALE,2,3,,9,ROOM-137,,2026-04-08 21:32:00,,2026-04-08 21:32:00
229,ADJUSTMENT,1,2,,3,ADJ-202608-321,F&B,2026-08-28 21:03:00,,2026-08-28 21:03:00
230,ISSUE,3,5,,15,REQ-202606-274,Front Office,2026-06-15 11:50:00,,2026-06-15 11:50:00
231,ISSUE,1,1,,4,REQ-202607-503,Front Office,2026-07-30 22:02:00,,2026-07-30 22:02:00
232,MINIBAR_SALE,2,4,,10,ROOM-496,,2026-08-25 06:29:00,,2026-08-25 06:29:00
233,MINIBAR_SALE,2,3,,9,ROOM-364,,2026-09-06 16:47:00,,2026-09-06 16:47:00
234,ADJUSTMENT,4,8,,18,ADJ-202609-182,Housekeeping,2026-09-20 08:12:00,,2026-09-20 08:12:00
235,ISSUE,2,4,,8,REQ-202606-293,Engineering,2026-06-28 19:28:00,,2026-06-28 19:28:00
236,MINIBAR_SALE,3,6,,14,ROOM-335,,2026-08-30 22:53:00,,2026-08-30 22:53:00
237,RECEIVING,1,1,6,3,PO-202606-288,,2026-06-21 10:28:00,,2026-06-21 10:28:00
238,RECEIVING,1,2,3,3,PO-202608-104,,2026-08-06 10:29:00,,2026-08-06 10:29:00
239,ISSUE,2,3,,8,REQ-202606-969,Front Office,2026-06-11 12:01:00,,2026-06-11 12:01:00
240,ISSUE,3,6,,15,REQ-202606-320,Housekeeping,2026-06-29 15:28:00,,2026-06-29 15:28:00
241,MINIBAR_SALE,2,3,,10,ROOM-122,,2026-05-18 18:18:00,,2026-05-18 18:18:00
242,ISSUE,2,4,,9,REQ-202605-751,Laundry,2026-05-12 07:17:00,,2026-05-12 07:17:00
243,TRANSFER,3,6,,15,TRF-202609-943,,2026-09-23 17:06:00,,2026-09-23 17:06:00
244,RECEIVING,2,3,7,7,PO-202605-571,,2026-05-19 22:54:00,,2026-05-19 22:54:00
245,MINIBAR_SALE,2,4,,10,ROOM-189,,2026-08-31 22:48:00,,2026-08-31 22:48:00
246,RECEIVING,3,5,5,15,PO-202604-693,,2026-04-24 10:54:00,,2026-04-24 10:54:00
247,ADJUSTMENT,1,1,,3,ADJ-202605-814,Engineering,2026-05-25 22:54:00,,2026-05-25 22:54:00
248,MINIBAR_SALE,1,1,,5,ROOM-246,,2026-06-23 21:07:00,,2026-06-23 21:07:00
249,MINIBAR_SALE,2,3,,9,ROOM-405,,2026-07-03 12:21:00,,2026-07-03 12:21:00
250,ISSUE,3,6,,13,REQ-202608-221,Laundry,2026-08-17 06:48:00,,2026-08-17 06:48:00
251,MINIBAR_SALE,4,8,,19,ROOM-301,,2026-08-22 11:32:00,,2026-08-22 11:32:00
252,MINIBAR_SALE,2,3,,9,ROOM-453,,2026-09-13 15:37:00,,2026-09-13 15:37:00
253,ADJUSTMENT,3,5,,11,ADJ-202609-486,Engineering,2026-09-26 21:37:00,,2026-09-26 21:37:00
254,TRANSFER,2,4,,8,TRF-202606-923,,2026-06-07 07:19:00,,2026-06-07 07:19:00
255,ISSUE,3,5,,14,REQ-202609-779,Laundry,2026-09-14 15:32:00,,2026-09-14 15:32:00
256,RETURN,4,7,3,18,RET-202608-346,,2026-08-12 12:23:00,,2026-08-12 12:23:00
257,ISSUE,3,5,,14,REQ-202604-663,Spa,2026-04-08 14:50:00,,2026-04-08 14:50:00
258,ADJUSTMENT,1,2,,3,ADJ-202605-780,Front Office,2026-05-06 13:07:00,,2026-05-06 13:07:00
259,ISSUE,1,2,,3,REQ-202608-903,Engineering,2026-08-18 19:30:00,,2026-08-18 19:30:00
260,ISSUE,3,5,,14,REQ-202608-108,Laundry,2026-08-15 13:54:00,,2026-08-15 13:54:00
261,ISSUE,1,1,,3,REQ-202609-530,Engineering,2026-09-26 14:32:00,,2026-09-26 14:32:00
262,MINIBAR_SALE,2,4,,9,ROOM-234,,2026-06-21 20:30:00,,2026-06-21 20:30:00
263,ADJUSTMENT,4,7,,18,ADJ-202606-539,Front Office,2026-06-07 11:03:00,,2026-06-07 11:03:00
264,RECEIVING,3,6,4,13,PO-202608-714,,2026-08-05 18:08:00,,2026-08-05 18:08:00
265,ADJUSTMENT,3,6,,11,ADJ-202604-431,Kitchen,2026-04-22 06:30:00,,2026-04-22 06:30:00
266,SPOILAGE_DAMAGE,1,1,,4,DMG-202606-998,Engineering,2026-06-06 11:32:00,,2026-06-06 11:32:00
267,MINIBAR_SALE,3,6,,14,ROOM-492,,2026-07-21 11:20:00,,2026-07-21 11:20:00
268,ISSUE,4,8,,18,REQ-202608-457,Housekeeping,2026-08-05 09:54:00,,2026-08-05 09:54:00
269,ISSUE,1,1,,4,REQ-202607-196,Spa,2026-07-16 08:15:00,,2026-07-16 08:15:00
270,ISSUE,3,5,,15,REQ-202606-432,Laundry,2026-06-24 07:41:00,,2026-06-24 07:41:00
271,RECEIVING,4,8,6,17,PO-202606-624,,2026-06-19 10:22:00,,2026-06-19 10:22:00
272,ISSUE,4,7,,19,REQ-202604-329,Spa,2026-04-11 22:21:00,,2026-04-11 22:21:00
273,ISSUE,4,7,,19,REQ-202607-183,Front Office,2026-07-28 14:22:00,,2026-07-28 14:22:00
274,RECEIVING,4,7,8,18,PO-202604-808,,2026-04-04 11:41:00,,2026-04-04 11:41:00
275,MINIBAR_SALE,2,4,,10,ROOM-495,,2026-09-08 12:05:00,,2026-09-08 12:05:00
276,RECEIVING,4,8,9,17,PO-202608-119,,2026-08-10 21:14:00,,2026-08-10 21:14:00
277,ISSUE,4,7,,19,REQ-202608-973,Front Office,2026-08-08 13:37:00,,2026-08-08 13:37:00
278,SPOILAGE_DAMAGE,3,6,,11,DMG-202607-165,Kitchen,2026-07-01 11:11:00,,2026-07-01 11:11:00
279,TRANSFER,1,1,,3,TRF-202607-208,,2026-07-22 20:53:00,,2026-07-22 20:53:00
280,ISSUE,4,7,,19,REQ-202606-275,Front Office,2026-06-02 21:21:00,,2026-06-02 21:21:00
281,RECEIVING,4,7,8,18,PO-202605-972,,2026-05-06 19:26:00,,2026-05-06 19:26:00
282,SPOILAGE_DAMAGE,3,6,,14,DMG-202607-108,Engineering,2026-07-12 15:46:00,,2026-07-12 15:46:00
283,RECEIVING,3,5,1,12,PO-202606-961,,2026-06-17 19:32:00,,2026-06-17 19:32:00
284,MINIBAR_SALE,2,4,,9,ROOM-466,,2026-06-16 15:42:00,,2026-06-16 15:42:00
285,SPOILAGE_DAMAGE,4,8,,16,DMG-202605-828,Laundry,2026-05-12 10:32:00,,2026-05-12 10:32:00
286,ISSUE,1,1,,4,REQ-202605-401,Engineering,2026-05-01 17:19:00,,2026-05-01 17:19:00
287,ISSUE,3,6,,15,REQ-202606-720,Kitchen,2026-06-26 18:30:00,,2026-06-26 18:30:00
288,ISSUE,4,8,,19,REQ-202608-384,Spa,2026-08-17 07:42:00,,2026-08-17 07:42:00
289,RETURN,2,4,8,7,RET-202604-982,,2026-04-22 16:25:00,,2026-04-22 16:25:00
290,RECEIVING,1,1,1,2,PO-202606-729,,2026-06-18 19:43:00,,2026-06-18 19:43:00
291,RECEIVING,2,3,2,8,PO-202608-375,,2026-08-05 22:48:00,,2026-08-05 22:48:00
292,MINIBAR_SALE,1,2,,4,ROOM-256,,2026-08-20 09:15:00,,2026-08-20 09:15:00
293,ISSUE,3,5,,13,REQ-202607-669,Spa,2026-07-11 09:53:00,,2026-07-11 09:53:00
294,ISSUE,4,8,,18,REQ-202604-587,Front Office,2026-04-05 10:41:00,,2026-04-05 10:41:00
295,ISSUE,4,7,,18,REQ-202609-935,Kitchen,2026-09-14 08:34:00,,2026-09-14 08:34:00
296,ISSUE,4,8,,18,REQ-202604-300,Housekeeping,2026-04-10 14:31:00,,2026-04-10 14:31:00
297,ISSUE,4,7,,19,REQ-202607-964,Laundry,2026-07-19 07:54:00,,2026-07-19 07:54:00
298,RECEIVING,1,1,4,2,PO-202609-268,,2026-09-24 19:04:00,,2026-09-24 19:04:00
299,ISSUE,3,5,,13,REQ-202606-894,Housekeeping,2026-06-25 22:50:00,,2026-06-25 22:50:00
300,RECEIVING,1,1,10,2,PO-202606-870,,2026-06-15 18:25:00,,2026-06-15 18:25:00
301,RECEIVING,1,1,11,2,PO-202608-621,,2026-08-30 12:57:00,,2026-08-30 12:57:00
302,ISSUE,2,3,,9,REQ-202607-477,Engineering,2026-07-30 15:38:00,,2026-07-30 15:38:00
303,RETURN,1,2,2,2,RET-202606-449,,2026-06-28 12:12:00,,2026-06-28 12:12:00
304,ISSUE,2,3,,9,REQ-202608-509,F&B,2026-08-02 16:51:00,,2026-08-02 16:51:00
305,RECEIVING,3,5,3,13,PO-202604-324,,2026-04-08 12:12:00,,2026-04-08 12:12:00
306,ISSUE,2,4,,9,REQ-202607-275,Spa,2026-07-26 13:23:00,,2026-07-26 13:23:00
307,RECEIVING,3,5,5,15,PO-202606-993,,2026-06-23 13:03:00,,2026-06-23 13:03:00
308,MINIBAR_SALE,3,6,,14,ROOM-465,,2026-08-11 20:11:00,,2026-08-11 20:11:00
309,ISSUE,2,3,,9,REQ-202606-697,F&B,2026-06-15 20:33:00,,2026-06-15 20:33:00
310,ISSUE,4,8,,18,REQ-202606-339,Laundry,2026-06-09 18:01:00,,2026-06-09 18:01:00
311,ISSUE,2,4,,9,REQ-202605-935,Spa,2026-05-21 16:16:00,,2026-05-21 16:16:00
312,MINIBAR_SALE,4,8,,19,ROOM-320,,2026-04-22 16:54:00,,2026-04-22 16:54:00
313,RECEIVING,2,3,5,7,PO-202607-775,,2026-07-08 15:13:00,,2026-07-08 15:13:00
314,ISSUE,4,7,,18,REQ-202609-833,Front Office,2026-09-02 15:37:00,,2026-09-02 15:37:00
315,RETURN,4,7,8,18,RET-202607-493,,2026-07-16 13:11:00,,2026-07-16 13:11:00
316,MINIBAR_SALE,2,4,,9,ROOM-487,,2026-07-15 09:23:00,,2026-07-15 09:23:00
317,ISSUE,4,7,,19,REQ-202607-826,Housekeeping,2026-07-11 07:00:00,,2026-07-11 07:00:00
318,ISSUE,3,5,,13,REQ-202605-401,F&B,2026-05-14 06:38:00,,2026-05-14 06:38:00
319,ISSUE,2,3,,8,REQ-202609-813,Laundry,2026-09-30 07:57:00,,2026-09-30 07:57:00
320,ISSUE,1,2,,3,REQ-202605-193,F&B,2026-05-22 13:23:00,,2026-05-22 13:23:00
321,RECEIVING,1,1,6,2,PO-202605-430,,2026-05-13 07:26:00,,2026-05-13 07:26:00
322,RECEIVING,3,6,7,12,PO-202604-408,,2026-04-12 08:56:00,,2026-04-12 08:56:00
323,ISSUE,1,1,,3,REQ-202604-538,Spa,2026-04-06 09:19:00,,2026-04-06 09:19:00
324,TRANSFER,3,6,,13,TRF-202606-780,,2026-06-02 12:34:00,,2026-06-02 12:34:00
325,SPOILAGE_DAMAGE,1,1,,3,DMG-202605-662,Front Office,2026-05-23 10:05:00,,2026-05-23 10:05:00
326,MINIBAR_SALE,2,4,,9,ROOM-489,,2026-04-06 18:27:00,,2026-04-06 18:27:00
327,RECEIVING,3,6,6,15,PO-202607-493,,2026-07-13 19:25:00,,2026-07-13 19:25:00
328,ISSUE,1,2,,4,REQ-202607-932,Housekeeping,2026-07-18 13:15:00,,2026-07-18 13:15:00
329,MINIBAR_SALE,4,8,,19,ROOM-317,,2026-09-28 08:33:00,,2026-09-28 08:33:00
330,ISSUE,2,4,,8,REQ-202609-603,Kitchen,2026-09-26 15:00:00,,2026-09-26 15:00:00
331,MINIBAR_SALE,4,7,,19,ROOM-202,,2026-05-16 17:11:00,,2026-05-16 17:11:00
332,MINIBAR_SALE,1,1,,4,ROOM-441,,2026-04-16 14:48:00,,2026-04-16 14:48:00
333,ISSUE,2,4,,9,REQ-202607-292,Spa,2026-07-25 21:32:00,,2026-07-25 21:32:00
334,ISSUE,4,8,,19,REQ-202609-774,Laundry,2026-09-04 08:22:00,,2026-09-04 08:22:00
335,SPOILAGE_DAMAGE,1,1,,4,DMG-202606-836,F&B,2026-06-23 18:49:00,,2026-06-23 18:49:00
336,MINIBAR_SALE,4,7,,20,ROOM-145,,2026-05-28 14:07:00,,2026-05-28 14:07:00
337,ISSUE,2,4,,9,REQ-202607-795,Kitchen,2026-07-18 16:49:00,,2026-07-18 16:49:00
338,SPOILAGE_DAMAGE,4,7,,18,DMG-202608-929,Housekeeping,2026-08-05 15:45:00,,2026-08-05 15:45:00
339,MINIBAR_SALE,3,6,,14,ROOM-245,,2026-07-10 08:33:00,,2026-07-10 08:33:00
340,RECEIVING,3,6,2,12,PO-202605-346,,2026-05-09 18:15:00,,2026-05-09 18:15:00
341,RECEIVING,2,3,10,7,PO-202608-285,,2026-08-29 21:17:00,,2026-08-29 21:17:00
342,ISSUE,1,1,,3,REQ-202609-668,Housekeeping,2026-09-16 09:11:00,,2026-09-16 09:11:00
343,ISSUE,2,4,,9,REQ-202609-631,Housekeeping,2026-09-16 06:15:00,,2026-09-16 06:15:00
344,RECEIVING,3,6,2,13,PO-202607-360,,2026-07-07 11:25:00,,2026-07-07 11:25:00
345,RECEIVING,4,7,5,18,PO-202606-249,,2026-06-24 08:23:00,,2026-06-24 08:23:00
346,ISSUE,4,8,,18,REQ-202608-625,Spa,2026-08-30 10:16:00,,2026-08-30 10:16:00
347,ISSUE,1,2,,3,REQ-202607-181,Spa,2026-07-14 16:54:00,,2026-07-14 16:54:00
348,ISSUE,4,7,,18,REQ-202607-609,Laundry,2026-07-18 22:59:00,,2026-07-18 22:59:00
349,RECEIVING,2,4,3,8,PO-202604-482,,2026-04-14 19:31:00,,2026-04-14 19:31:00
350,ISSUE,2,3,,9,REQ-202609-627,Spa,2026-09-09 18:13:00,,2026-09-09 18:13:00
351,RECEIVING,3,5,6,13,PO-202607-538,,2026-07-30 18:23:00,,2026-07-30 18:23:00
352,ISSUE,2,3,,8,REQ-202605-531,Laundry,2026-05-19 15:02:00,,2026-05-19 15:02:00
353,ISSUE,2,3,,8,REQ-202609-591,Laundry,2026-09-21 16:27:00,,2026-09-21 16:27:00
354,MINIBAR_SALE,4,7,,19,ROOM-197,,2026-07-31 09:44:00,,2026-07-31 09:44:00
355,ISSUE,3,6,,13,REQ-202607-785,Housekeeping,2026-07-03 16:19:00,,2026-07-03 16:19:00
356,MINIBAR_SALE,2,4,,9,ROOM-167,,2026-05-24 18:05:00,,2026-05-24 18:05:00
357,MINIBAR_SALE,4,8,,19,ROOM-325,,2026-09-23 22:04:00,,2026-09-23 22:04:00
358,ISSUE,3,5,,13,REQ-202607-935,Spa,2026-07-14 15:20:00,,2026-07-14 15:20:00
359,MINIBAR_SALE,4,8,,20,ROOM-213,,2026-09-08 12:52:00,,2026-09-08 12:52:00
360,MINIBAR_SALE,1,2,,5,ROOM-452,,2026-05-12 11:52:00,,2026-05-12 11:52:00
361,MINIBAR_SALE,4,7,,19,ROOM-225,,2026-06-18 16:30:00,,2026-06-18 16:30:00
362,RECEIVING,2,3,6,7,PO-202605-771,,2026-05-29 19:24:00,,2026-05-29 19:24:00
363,ADJUSTMENT,1,1,,3,ADJ-202609-442,Front Office,2026-09-02 10:11:00,,2026-09-02 10:11:00
364,ISSUE,4,8,,19,REQ-202608-385,Spa,2026-08-01 08:07:00,,2026-08-01 08:07:00
365,ISSUE,4,8,,19,REQ-202605-609,Front Office,2026-05-06 13:24:00,,2026-05-06 13:24:00
366,ADJUSTMENT,3,5,,15,ADJ-202606-348,Laundry,2026-06-15 20:09:00,,2026-06-15 20:09:00
367,SPOILAGE_DAMAGE,3,5,,11,DMG-202609-957,Laundry,2026-09-27 09:42:00,,2026-09-27 09:42:00
368,MINIBAR_SALE,4,7,,19,ROOM-429,,2026-06-13 09:09:00,,2026-06-13 09:09:00
369,ISSUE,2,4,,8,REQ-202604-316,Spa,2026-04-24 22:24:00,,2026-04-24 22:24:00
370,ISSUE,3,5,,15,REQ-202604-966,Kitchen,2026-04-27 08:23:00,,2026-04-27 08:23:00
371,ISSUE,1,1,,3,REQ-202608-195,Engineering,2026-08-23 21:02:00,,2026-08-23 21:02:00
372,RECEIVING,2,3,5,7,PO-202608-265,,2026-08-29 18:30:00,,2026-08-29 18:30:00
373,ADJUSTMENT,3,6,,13,ADJ-202605-976,Front Office,2026-05-04 16:18:00,,2026-05-04 16:18:00
374,RECEIVING,3,5,10,13,PO-202606-472,,2026-06-15 11:04:00,,2026-06-15 11:04:00
375,RECEIVING,3,6,9,13,PO-202607-965,,2026-07-14 10:28:00,,2026-07-14 10:28:00
376,TRANSFER,2,4,,8,TRF-202607-579,,2026-07-28 08:22:00,,2026-07-28 08:22:00
377,ISSUE,4,7,,18,REQ-202609-892,Front Office,2026-09-11 12:20:00,,2026-09-11 12:20:00
378,RECEIVING,4,8,3,18,PO-202608-950,,2026-08-13 12:42:00,,2026-08-13 12:42:00
379,ISSUE,4,8,,19,REQ-202607-809,Engineering,2026-07-31 11:44:00,,2026-07-31 11:44:00
380,MINIBAR_SALE,4,7,,19,ROOM-119,,2026-09-10 20:40:00,,2026-09-10 20:40:00
381,ISSUE,1,2,,4,REQ-202609-460,Engineering,2026-09-14 20:26:00,,2026-09-14 20:26:00
382,MINIBAR_SALE,1,2,,5,ROOM-383,,2026-07-17 12:14:00,,2026-07-17 12:14:00
383,RETURN,3,6,7,15,RET-202605-297,,2026-05-14 19:15:00,,2026-05-14 19:15:00
384,TRANSFER,3,5,,13,TRF-202606-126,,2026-06-22 12:05:00,,2026-06-22 12:05:00
385,RECEIVING,2,4,5,8,PO-202605-775,,2026-05-20 13:46:00,,2026-05-20 13:46:00
386,TRANSFER,1,2,,3,TRF-202608-389,,2026-08-31 09:06:00,,2026-08-31 09:06:00
387,RECEIVING,1,1,11,3,PO-202609-561,,2026-09-23 19:24:00,,2026-09-23 19:24:00
388,ISSUE,3,5,,13,REQ-202605-185,F&B,2026-05-26 06:20:00,,2026-05-26 06:20:00
389,ISSUE,3,5,,14,REQ-202605-710,Laundry,2026-05-23 21:27:00,,2026-05-23 21:27:00
390,RETURN,4,7,11,17,RET-202607-480,,2026-07-01 13:04:00,,2026-07-01 13:04:00
391,RETURN,4,7,8,17,RET-202606-275,,2026-06-10 19:07:00,,2026-06-10 19:07:00
392,ISSUE,3,6,,15,REQ-202604-502,Housekeeping,2026-04-21 16:31:00,,2026-04-21 16:31:00
393,ISSUE,1,1,,3,REQ-202607-903,Engineering,2026-07-04 06:59:00,,2026-07-04 06:59:00
394,MINIBAR_SALE,4,8,,19,ROOM-399,,2026-09-26 11:59:00,,2026-09-26 11:59:00
395,MINIBAR_SALE,1,2,,4,ROOM-340,,2026-04-16 12:00:00,,2026-04-16 12:00:00
396,RECEIVING,1,2,9,3,PO-202607-541,,2026-07-20 12:09:00,,2026-07-20 12:09:00
397,RECEIVING,1,1,1,2,PO-202604-689,,2026-04-29 13:07:00,,2026-04-29 13:07:00
398,RECEIVING,2,4,1,8,PO-202609-196,,2026-09-11 15:45:00,,2026-09-11 15:45:00
399,ADJUSTMENT,2,3,,8,ADJ-202609-281,Housekeeping,2026-09-18 21:27:00,,2026-09-18 21:27:00
400,RETURN,3,5,2,12,RET-202608-202,,2026-08-13 22:10:00,,2026-08-13 22:10:00
401,ISSUE,1,1,,3,REQ-202608-191,Spa,2026-08-26 19:23:00,,2026-08-26 19:23:00
402,ADJUSTMENT,4,8,,16,ADJ-202606-632,Front Office,2026-06-10 15:12:00,,2026-06-10 15:12:00
403,ISSUE,1,1,,4,REQ-202608-776,Engineering,2026-08-04 15:00:00,,2026-08-04 15:00:00
404,ISSUE,2,4,,8,REQ-202609-886,Spa,2026-09-21 16:51:00,,2026-09-21 16:51:00
405,ISSUE,4,8,,19,REQ-202604-420,Spa,2026-04-25 10:33:00,,2026-04-25 10:33:00
406,RECEIVING,4,7,1,18,PO-202607-186,,2026-07-13 06:29:00,,2026-07-13 06:29:00
407,ISSUE,3,5,,15,REQ-202605-818,Housekeeping,2026-05-02 22:47:00,,2026-05-02 22:47:00
408,MINIBAR_SALE,1,2,,4,ROOM-101,,2026-09-07 12:07:00,,2026-09-07 12:07:00
409,RETURN,4,7,3,17,RET-202607-245,,2026-07-20 10:40:00,,2026-07-20 10:40:00
410,ISSUE,1,2,,4,REQ-202604-579,F&B,2026-04-09 20:02:00,,2026-04-09 20:02:00
411,ADJUSTMENT,1,2,,3,ADJ-202607-825,Front Office,2026-07-06 21:38:00,,2026-07-06 21:38:00
412,SPOILAGE_DAMAGE,2,3,,8,DMG-202605-163,Housekeeping,2026-05-15 18:48:00,,2026-05-15 18:48:00
413,ISSUE,3,5,,15,REQ-202605-908,Kitchen,2026-05-22 11:27:00,,2026-05-22 11:27:00
414,ISSUE,4,7,,19,REQ-202606-952,F&B,2026-06-27 11:43:00,,2026-06-27 11:43:00
415,ISSUE,2,4,,8,REQ-202604-715,Housekeeping,2026-04-26 09:31:00,,2026-04-26 09:31:00
416,ISSUE,3,5,,14,REQ-202604-442,F&B,2026-04-09 16:26:00,,2026-04-09 16:26:00
417,ISSUE,3,5,,13,REQ-202604-722,Front Office,2026-04-06 07:01:00,,2026-04-06 07:01:00
418,MINIBAR_SALE,1,1,,4,ROOM-165,,2026-06-03 07:04:00,,2026-06-03 07:04:00
419,MINIBAR_SALE,1,1,,5,ROOM-244,,2026-06-28 19:45:00,,2026-06-28 19:45:00
420,SPOILAGE_DAMAGE,4,8,,16,DMG-202604-384,Engineering,2026-04-30 06:31:00,,2026-04-30 06:31:00
421,ADJUSTMENT,3,6,,11,ADJ-202608-843,Engineering,2026-08-30 12:48:00,,2026-08-30 12:48:00
422,RECEIVING,3,6,10,15,PO-202606-112,,2026-06-08 14:50:00,,2026-06-08 14:50:00
423,RECEIVING,1,2,7,2,PO-202604-159,,2026-04-10 17:30:00,,2026-04-10 17:30:00
424,MINIBAR_SALE,4,8,,20,ROOM-232,,2026-04-11 13:03:00,,2026-04-11 13:03:00
425,RECEIVING,2,4,2,8,PO-202608-757,,2026-08-25 17:53:00,,2026-08-25 17:53:00
426,ADJUSTMENT,1,1,,3,ADJ-202609-832,Front Office,2026-09-03 12:51:00,,2026-09-03 12:51:00
427,ISSUE,3,5,,14,REQ-202606-566,F&B,2026-06-24 13:51:00,,2026-06-24 13:51:00
428,RETURN,2,3,11,8,RET-202608-698,,2026-08-16 13:49:00,,2026-08-16 13:49:00
429,ADJUSTMENT,1,1,,3,ADJ-202604-235,Housekeeping,2026-04-09 19:01:00,,2026-04-09 19:01:00
430,MINIBAR_SALE,4,8,,19,ROOM-471,,2026-08-01 10:46:00,,2026-08-01 10:46:00
431,ADJUSTMENT,3,6,,11,ADJ-202609-385,Spa,2026-09-03 09:59:00,,2026-09-03 09:59:00
432,SPOILAGE_DAMAGE,2,3,,6,DMG-202608-684,Engineering,2026-08-04 06:23:00,,2026-08-04 06:23:00
433,MINIBAR_SALE,3,5,,14,ROOM-423,,2026-08-08 16:17:00,,2026-08-08 16:17:00
434,MINIBAR_SALE,2,4,,9,ROOM-254,,2026-08-02 22:42:00,,2026-08-02 22:42:00
435,ISSUE,3,5,,13,REQ-202606-751,Engineering,2026-06-08 21:46:00,,2026-06-08 21:46:00
436,TRANSFER,4,7,,18,TRF-202606-439,,2026-06-14 11:58:00,,2026-06-14 11:58:00
437,RECEIVING,2,3,11,8,PO-202606-510,,2026-06-09 09:52:00,,2026-06-09 09:52:00
438,ADJUSTMENT,1,2,,3,ADJ-202605-624,Laundry,2026-05-20 15:50:00,,2026-05-20 15:50:00
439,ISSUE,4,8,,18,REQ-202607-125,Front Office,2026-07-05 09:28:00,,2026-07-05 09:28:00
440,MINIBAR_SALE,4,7,,20,ROOM-260,,2026-04-16 21:16:00,,2026-04-16 21:16:00
441,ISSUE,4,8,,19,REQ-202604-837,Engineering,2026-04-03 15:07:00,,2026-04-03 15:07:00
442,RECEIVING,4,7,5,17,PO-202605-818,,2026-05-09 21:04:00,,2026-05-09 21:04:00
443,RECEIVING,2,4,5,7,PO-202609-391,,2026-09-08 06:59:00,,2026-09-08 06:59:00
444,SPOILAGE_DAMAGE,1,1,,3,DMG-202605-179,Engineering,2026-05-07 11:30:00,,2026-05-07 11:30:00
445,ISSUE,1,1,,4,REQ-202608-585,Spa,2026-08-22 18:24:00,,2026-08-22 18:24:00
446,RETURN,1,2,6,2,RET-202609-975,,2026-09-14 17:11:00,,2026-09-14 17:11:00
447,RECEIVING,3,6,5,15,PO-202607-380,,2026-07-11 07:44:00,,2026-07-11 07:44:00
448,ISSUE,1,2,,3,REQ-202604-728,Spa,2026-04-25 14:54:00,,2026-04-25 14:54:00
449,MINIBAR_SALE,4,7,,20,ROOM-388,,2026-09-10 06:19:00,,2026-09-10 06:19:00
450,ISSUE,2,4,,8,REQ-202609-154,Engineering,2026-09-22 12:47:00,,2026-09-22 12:47:00
451,ISSUE,3,6,,15,REQ-202609-951,Spa,2026-09-12 22:28:00,,2026-09-12 22:28:00
452,ISSUE,3,5,,13,REQ-202608-367,Laundry,2026-08-10 12:16:00,,2026-08-10 12:16:00
453,ISSUE,3,6,,15,REQ-202608-430,Housekeeping,2026-08-23 18:42:00,,2026-08-23 18:42:00
454,MINIBAR_SALE,4,7,,20,ROOM-348,,2026-06-04 17:38:00,,2026-06-04 17:38:00
455,ISSUE,2,3,,9,REQ-202609-452,F&B,2026-09-23 17:00:00,,2026-09-23 17:00:00
456,TRANSFER,2,3,,8,TRF-202607-509,,2026-07-09 10:20:00,,2026-07-09 10:20:00
457,ISSUE,4,7,,18,REQ-202606-254,Laundry,2026-06-26 18:41:00,,2026-06-26 18:41:00
458,MINIBAR_SALE,4,7,,20,ROOM-452,,2026-05-12 16:08:00,,2026-05-12 16:08:00
459,ADJUSTMENT,3,5,,11,ADJ-202608-388,Laundry,2026-08-10 20:27:00,,2026-08-10 20:27:00
460,ISSUE,3,6,,14,REQ-202604-527,Engineering,2026-04-07 14:11:00,,2026-04-07 14:11:00
461,MINIBAR_SALE,4,7,,19,ROOM-165,,2026-05-15 08:34:00,,2026-05-15 08:34:00
462,MINIBAR_SALE,1,2,,5,ROOM-241,,2026-08-25 21:13:00,,2026-08-25 21:13:00
463,ISSUE,4,7,,18,REQ-202607-499,Spa,2026-07-28 21:13:00,,2026-07-28 21:13:00
464,ISSUE,4,7,,19,REQ-202605-541,Front Office,2026-05-10 11:39:00,,2026-05-10 11:39:00
465,ISSUE,3,5,,14,REQ-202607-208,Spa,2026-07-17 14:20:00,,2026-07-17 14:20:00
466,SPOILAGE_DAMAGE,4,7,,16,DMG-202609-724,F&B,2026-09-10 06:39:00,,2026-09-10 06:39:00
467,RECEIVING,2,4,4,7,PO-202605-691,,2026-05-04 15:04:00,,2026-05-04 15:04:00
468,ISSUE,4,8,,18,REQ-202604-895,Spa,2026-04-19 19:16:00,,2026-04-19 19:16:00
469,MINIBAR_SALE,3,6,,14,ROOM-508,,2026-09-16 16:09:00,,2026-09-16 16:09:00
470,MINIBAR_SALE,3,5,,14,ROOM-445,,2026-08-24 15:30:00,,2026-08-24 15:30:00
471,MINIBAR_SALE,3,6,,14,ROOM-369,,2026-07-06 21:41:00,,2026-07-06 21:41:00
472,ISSUE,1,1,,3,REQ-202607-916,Engineering,2026-07-24 22:15:00,,2026-07-24 22:15:00
473,RETURN,1,1,8,2,RET-202608-302,,2026-08-01 09:28:00,,2026-08-01 09:28:00
474,ISSUE,3,6,,14,REQ-202608-674,Spa,2026-08-15 13:21:00,,2026-08-15 13:21:00
475,MINIBAR_SALE,2,3,,10,ROOM-357,,2026-04-28 13:13:00,,2026-04-28 13:13:00
476,MINIBAR_SALE,3,5,,14,ROOM-290,,2026-06-07 21:59:00,,2026-06-07 21:59:00
477,SPOILAGE_DAMAGE,3,5,,14,DMG-202609-952,Engineering,2026-09-28 12:13:00,,2026-09-28 12:13:00
478,RECEIVING,2,4,8,8,PO-202608-355,,2026-08-01 21:02:00,,2026-08-01 21:02:00
479,ADJUSTMENT,1,2,,3,ADJ-202607-406,Front Office,2026-07-15 10:55:00,,2026-07-15 10:55:00
480,SPOILAGE_DAMAGE,3,6,,15,DMG-202605-571,F&B,2026-05-25 11:20:00,,2026-05-25 11:20:00
481,ISSUE,4,7,,19,REQ-202608-688,Engineering,2026-08-08 16:50:00,,2026-08-08 16:50:00
482,MINIBAR_SALE,4,8,,19,ROOM-434,,2026-07-29 20:56:00,,2026-07-29 20:56:00
483,ISSUE,2,4,,8,REQ-202608-415,F&B,2026-08-26 10:12:00,,2026-08-26 10:12:00
484,TRANSFER,2,3,,8,TRF-202605-377,,2026-05-22 15:10:00,,2026-05-22 15:10:00
485,TRANSFER,2,4,,8,TRF-202604-303,,2026-04-13 20:28:00,,2026-04-13 20:28:00
486,MINIBAR_SALE,1,2,,5,ROOM-313,,2026-09-02 17:47:00,,2026-09-02 17:47:00
487,TRANSFER,4,8,,18,TRF-202605-996,,2026-05-29 08:41:00,,2026-05-29 08:41:00
488,RECEIVING,2,4,7,7,PO-202607-276,,2026-07-05 19:52:00,,2026-07-05 19:52:00
489,ISSUE,3,6,,13,REQ-202609-129,Engineering,2026-09-07 16:01:00,,2026-09-07 16:01:00
490,SPOILAGE_DAMAGE,4,8,,19,DMG-202608-752,Kitchen,2026-08-16 20:08:00,,2026-08-16 20:08:00
491,SPOILAGE_DAMAGE,1,2,,3,DMG-202608-232,Front Office,2026-08-05 12:08:00,,2026-08-05 12:08:00
492,MINIBAR_SALE,4,7,,19,ROOM-425,,2026-05-21 11:00:00,,2026-05-21 11:00:00
493,ISSUE,2,4,,9,REQ-202609-862,Housekeeping,2026-09-07 14:34:00,,2026-09-07 14:34:00
494,MINIBAR_SALE,2,3,,9,ROOM-162,,2026-05-29 20:53:00,,2026-05-29 20:53:00
495,MINIBAR_SALE,2,3,,9,ROOM-243,,2026-08-17 19:54:00,,2026-08-17 19:54:00
496,RECEIVING,3,5,3,13,PO-202609-247,,2026-09-04 08:03:00,,2026-09-04 08:03:00
497,MINIBAR_SALE,3,5,,14,ROOM-369,,2026-09-11 09:33:00,,2026-09-11 09:33:00
498,TRANSFER,1,2,,3,TRF-202606-536,,2026-06-05 09:40:00,,2026-06-05 09:40:00
499,ISSUE,3,6,,14,REQ-202609-956,Spa,2026-09-11 22:21:00,,2026-09-11 22:21:00
500,ISSUE,4,8,,19,REQ-202609-716,Housekeeping,2026-09-03 22:55:00,,2026-09-03 22:55:00
501,ISSUE,4,8,,19,REQ-202604-571,Kitchen,2026-04-11 17:41:00,,2026-04-11 17:41:00
502,ISSUE,2,4,,9,REQ-202607-750,Spa,2026-07-24 07:20:00,,2026-07-24 07:20:00
503,MINIBAR_SALE,2,4,,9,ROOM-428,,2026-06-18 09:58:00,,2026-06-18 09:58:00
504,RECEIVING,1,2,9,3,PO-202606-462,,2026-06-07 10:45:00,,2026-06-07 10:45:00
505,TRANSFER,2,3,,8,TRF-202605-248,,2026-05-28 20:41:00,,2026-05-28 20:41:00
506,ISSUE,2,4,,9,REQ-202605-689,Spa,2026-05-18 22:37:00,,2026-05-18 22:37:00
507,ISSUE,1,1,,4,REQ-202606-956,Front Office,2026-06-29 13:29:00,,2026-06-29 13:29:00
508,ISSUE,1,2,,4,REQ-202608-836,Housekeeping,2026-08-01 10:04:00,,2026-08-01 10:04:00
509,ISSUE,4,7,,18,REQ-202608-154,Front Office,2026-08-17 16:55:00,,2026-08-17 16:55:00
510,RECEIVING,3,5,7,12,PO-202604-358,,2026-04-25 15:22:00,,2026-04-25 15:22:00
511,RECEIVING,1,2,1,2,PO-202604-434,,2026-04-25 11:00:00,,2026-04-25 11:00:00
512,ADJUSTMENT,2,3,,6,ADJ-202607-912,Front Office,2026-07-23 06:39:00,,2026-07-23 06:39:00
513,ADJUSTMENT,4,7,,18,ADJ-202609-774,Laundry,2026-09-02 10:39:00,,2026-09-02 10:39:00
514,TRANSFER,1,2,,3,TRF-202608-389,,2026-08-13 22:25:00,,2026-08-13 22:25:00
515,ISSUE,4,8,,19,REQ-202606-800,Kitchen,2026-06-18 21:50:00,,2026-06-18 21:50:00
516,TRANSFER,3,5,,13,TRF-202605-326,,2026-05-25 09:29:00,,2026-05-25 09:29:00
517,RECEIVING,2,4,7,8,PO-202607-806,,2026-07-18 15:13:00,,2026-07-18 15:13:00
518,MINIBAR_SALE,4,7,,19,ROOM-137,,2026-09-26 20:08:00,,2026-09-26 20:08:00
519,MINIBAR_SALE,4,7,,19,ROOM-494,,2026-09-17 22:49:00,,2026-09-17 22:49:00
520,RECEIVING,2,3,2,8,PO-202606-963,,2026-06-25 20:01:00,,2026-06-25 20:01:00
521,ISSUE,1,1,,3,REQ-202606-800,Housekeeping,2026-06-22 17:02:00,,2026-06-22 17:02:00
522,RECEIVING,4,8,11,17,PO-202606-602,,2026-06-12 18:28:00,,2026-06-12 18:28:00
523,ISSUE,2,4,,9,REQ-202605-527,Laundry,2026-05-03 17:13:00,,2026-05-03 17:13:00
524,ADJUSTMENT,4,8,,18,ADJ-202609-581,F&B,2026-09-12 15:13:00,,2026-09-12 15:13:00
525,ISSUE,2,4,,9,REQ-202608-810,Housekeeping,2026-08-11 19:11:00,,2026-08-11 19:11:00
526,ISSUE,2,3,,8,REQ-202608-199,Spa,2026-08-03 16:39:00,,2026-08-03 16:39:00
527,ADJUSTMENT,2,3,,8,ADJ-202607-675,F&B,2026-07-16 09:34:00,,2026-07-16 09:34:00
528,ISSUE,2,4,,9,REQ-202604-187,Engineering,2026-04-06 21:42:00,,2026-04-06 21:42:00
529,ISSUE,1,2,,4,REQ-202609-473,F&B,2026-09-02 21:01:00,,2026-09-02 21:01:00
530,ISSUE,4,8,,19,REQ-202607-484,Spa,2026-07-09 07:44:00,,2026-07-09 07:44:00
531,ADJUSTMENT,1,2,,3,ADJ-202608-880,Kitchen,2026-08-09 09:01:00,,2026-08-09 09:01:00
532,RETURN,1,1,10,3,RET-202604-172,,2026-04-03 06:47:00,,2026-04-03 06:47:00
533,MINIBAR_SALE,4,7,,19,ROOM-327,,2026-07-30 15:46:00,,2026-07-30 15:46:00
534,MINIBAR_SALE,3,5,,14,ROOM-477,,2026-07-19 14:52:00,,2026-07-19 14:52:00
535,RECEIVING,1,2,10,2,PO-202608-368,,2026-08-29 17:44:00,,2026-08-29 17:44:00
536,ISSUE,1,1,,3,REQ-202606-474,Laundry,2026-06-21 18:55:00,,2026-06-21 18:55:00
537,RECEIVING,4,7,8,17,PO-202606-501,,2026-06-09 16:12:00,,2026-06-09 16:12:00
538,ISSUE,1,2,,4,REQ-202604-396,Front Office,2026-04-28 08:20:00,,2026-04-28 08:20:00
539,MINIBAR_SALE,4,7,,20,ROOM-275,,2026-09-01 10:33:00,,2026-09-01 10:33:00
540,RECEIVING,4,8,7,18,PO-202609-896,,2026-09-02 14:04:00,,2026-09-02 14:04:00
541,RETURN,4,7,10,18,RET-202606-649,,2026-06-09 16:31:00,,2026-06-09 16:31:00
542,MINIBAR_SALE,1,2,,5,ROOM-246,,2026-07-26 14:12:00,,2026-07-26 14:12:00
543,RECEIVING,1,2,3,2,PO-202606-608,,2026-06-22 07:56:00,,2026-06-22 07:56:00
544,ADJUSTMENT,2,3,,6,ADJ-202607-451,Laundry,2026-07-02 17:21:00,,2026-07-02 17:21:00
545,ISSUE,2,3,,9,REQ-202605-874,Laundry,2026-05-06 22:20:00,,2026-05-06 22:20:00
546,RECEIVING,1,2,3,3,PO-202606-954,,2026-06-08 17:32:00,,2026-06-08 17:32:00
547,MINIBAR_SALE,4,7,,20,ROOM-512,,2026-05-18 09:02:00,,2026-05-18 09:02:00
548,ISSUE,3,5,,13,REQ-202608-949,F&B,2026-08-09 06:19:00,,2026-08-09 06:19:00
549,ADJUSTMENT,4,8,,16,ADJ-202609-973,Housekeeping,2026-09-18 13:04:00,,2026-09-18 13:04:00
550,ISSUE,4,7,,18,REQ-202604-295,Spa,2026-04-25 07:23:00,,2026-04-25 07:23:00
551,RECEIVING,1,1,10,2,PO-202607-591,,2026-07-26 14:17:00,,2026-07-26 14:17:00
552,RECEIVING,4,8,10,17,PO-202607-145,,2026-07-29 19:11:00,,2026-07-29 19:11:00
553,ISSUE,4,7,,18,REQ-202607-852,Engineering,2026-07-05 17:46:00,,2026-07-05 17:46:00
554,ADJUSTMENT,3,5,,15,ADJ-202609-862,Kitchen,2026-09-01 16:34:00,,2026-09-01 16:34:00
555,SPOILAGE_DAMAGE,1,1,,3,DMG-202608-332,Spa,2026-08-26 06:16:00,,2026-08-26 06:16:00
556,ISSUE,2,3,,8,REQ-202605-223,Engineering,2026-05-19 06:01:00,,2026-05-19 06:01:00
557,MINIBAR_SALE,3,6,,14,ROOM-320,,2026-07-09 17:13:00,,2026-07-09 17:13:00
558,ISSUE,3,5,,14,REQ-202609-665,Engineering,2026-09-02 21:02:00,,2026-09-02 21:02:00
559,ISSUE,2,3,,8,REQ-202606-258,Spa,2026-06-14 16:27:00,,2026-06-14 16:27:00
560,ISSUE,4,7,,19,REQ-202609-656,Spa,2026-09-29 22:57:00,,2026-09-29 22:57:00
561,RECEIVING,1,2,9,3,PO-202609-349,,2026-09-18 17:30:00,,2026-09-18 17:30:00
562,MINIBAR_SALE,3,6,,14,ROOM-399,,2026-08-01 08:50:00,,2026-08-01 08:50:00
563,MINIBAR_SALE,4,8,,20,ROOM-384,,2026-05-25 09:11:00,,2026-05-25 09:11:00
564,ISSUE,1,2,,3,REQ-202609-186,Front Office,2026-09-01 06:26:00,,2026-09-01 06:26:00
565,ISSUE,1,2,,4,REQ-202609-395,Kitchen,2026-09-09 14:59:00,,2026-09-09 14:59:00
566,MINIBAR_SALE,3,5,,14,ROOM-471,,2026-07-28 22:11:00,,2026-07-28 22:11:00
567,MINIBAR_SALE,4,7,,20,ROOM-162,,2026-07-31 19:24:00,,2026-07-31 19:24:00
568,RECEIVING,3,6,4,12,PO-202606-733,,2026-06-12 19:15:00,,2026-06-12 19:15:00
569,ISSUE,4,7,,18,REQ-202605-344,Housekeeping,2026-05-15 13:17:00,,2026-05-15 13:17:00
570,ISSUE,1,2,,4,REQ-202608-310,Front Office,2026-08-08 18:53:00,,2026-08-08 18:53:00
571,ADJUSTMENT,4,8,,16,ADJ-202604-830,Laundry,2026-04-07 13:41:00,,2026-04-07 13:41:00
572,TRANSFER,4,8,,18,TRF-202604-194,,2026-04-13 13:05:00,,2026-04-13 13:05:00
573,ISSUE,2,4,,8,REQ-202608-117,F&B,2026-08-19 21:27:00,,2026-08-19 21:27:00
574,RECEIVING,1,2,10,3,PO-202605-901,,2026-05-10 10:15:00,,2026-05-10 10:15:00
575,RETURN,4,8,10,18,RET-202608-691,,2026-08-13 20:41:00,,2026-08-13 20:41:00
576,MINIBAR_SALE,2,4,,10,ROOM-303,,2026-08-30 10:41:00,,2026-08-30 10:41:00
577,ADJUSTMENT,1,2,,3,ADJ-202607-769,Laundry,2026-07-05 07:22:00,,2026-07-05 07:22:00
578,ISSUE,3,6,,14,REQ-202606-920,Housekeeping,2026-06-28 16:18:00,,2026-06-28 16:18:00
579,ISSUE,2,3,,8,REQ-202604-528,F&B,2026-04-12 15:00:00,,2026-04-12 15:00:00
580,RETURN,3,6,9,15,RET-202607-933,,2026-07-30 14:36:00,,2026-07-30 14:36:00
581,ADJUSTMENT,3,6,,13,ADJ-202607-183,Engineering,2026-07-12 19:36:00,,2026-07-12 19:36:00
582,ISSUE,4,7,,19,REQ-202607-221,Engineering,2026-07-16 21:01:00,,2026-07-16 21:01:00
583,ISSUE,1,1,,3,REQ-202604-653,F&B,2026-04-22 08:50:00,,2026-04-22 08:50:00
584,ISSUE,1,1,,3,REQ-202606-184,Front Office,2026-06-19 16:06:00,,2026-06-19 16:06:00
585,ISSUE,3,5,,13,REQ-202609-720,Laundry,2026-09-04 15:08:00,,2026-09-04 15:08:00
586,RECEIVING,2,3,3,7,PO-202604-210,,2026-04-21 07:37:00,,2026-04-21 07:37:00
587,ISSUE,4,7,,18,REQ-202606-973,Kitchen,2026-06-28 08:03:00,,2026-06-28 08:03:00
588,ISSUE,1,2,,4,REQ-202609-102,Engineering,2026-09-30 16:51:00,,2026-09-30 16:51:00
589,ISSUE,4,7,,19,REQ-202607-873,Front Office,2026-07-21 07:29:00,,2026-07-21 07:29:00
590,ISSUE,1,1,,4,REQ-202609-643,Housekeeping,2026-09-19 14:25:00,,2026-09-19 14:25:00
591,RETURN,4,7,8,17,RET-202608-694,,2026-08-07 15:49:00,,2026-08-07 15:49:00
592,ADJUSTMENT,2,3,,8,ADJ-202607-655,Engineering,2026-07-02 09:48:00,,2026-07-02 09:48:00
593,MINIBAR_SALE,3,5,,14,ROOM-299,,2026-07-01 08:22:00,,2026-07-01 08:22:00
594,RECEIVING,3,5,7,13,PO-202609-867,,2026-09-18 17:41:00,,2026-09-18 17:41:00
595,MINIBAR_SALE,2,4,,10,ROOM-311,,2026-07-07 10:17:00,,2026-07-07 10:17:00
596,MINIBAR_SALE,2,3,,10,ROOM-494,,2026-07-02 09:06:00,,2026-07-02 09:06:00
597,MINIBAR_SALE,3,5,,14,ROOM-155,,2026-05-06 08:06:00,,2026-05-06 08:06:00
598,ISSUE,2,3,,9,REQ-202607-944,F&B,2026-07-20 12:39:00,,2026-07-20 12:39:00
599,ISSUE,1,1,,3,REQ-202605-147,Spa,2026-05-04 07:14:00,,2026-05-04 07:14:00
600,SPOILAGE_DAMAGE,4,8,,19,DMG-202607-311,F&B,2026-07-23 12:54:00,,2026-07-23 12:54:00
601,ISSUE,3,5,,14,REQ-202606-114,Kitchen,2026-06-12 14:11:00,,2026-06-12 14:11:00
602,ADJUSTMENT,1,1,,3,ADJ-202609-621,Front Office,2026-09-13 21:24:00,,2026-09-13 21:24:00
603,MINIBAR_SALE,1,1,,5,ROOM-391,,2026-04-06 16:49:00,,2026-04-06 16:49:00
604,ISSUE,2,4,,8,REQ-202608-178,Spa,2026-08-05 13:27:00,,2026-08-05 13:27:00
605,ISSUE,1,1,,3,REQ-202609-855,F&B,2026-09-22 20:45:00,,2026-09-22 20:45:00
606,MINIBAR_SALE,4,7,,19,ROOM-414,,2026-04-24 16:59:00,,2026-04-24 16:59:00
607,MINIBAR_SALE,1,2,,5,ROOM-152,,2026-05-26 19:56:00,,2026-05-26 19:56:00
608,RECEIVING,1,1,3,2,PO-202609-339,,2026-09-18 14:12:00,,2026-09-18 14:12:00
609,RECEIVING,1,1,6,2,PO-202607-135,,2026-07-31 18:00:00,,2026-07-31 18:00:00
610,ISSUE,3,6,,14,REQ-202605-725,F&B,2026-05-11 12:28:00,,2026-05-11 12:28:00
611,RECEIVING,2,3,9,7,PO-202605-978,,2026-05-03 13:58:00,,2026-05-03 13:58:00
612,MINIBAR_SALE,2,4,,9,ROOM-478,,2026-04-19 19:46:00,,2026-04-19 19:46:00
613,RECEIVING,3,5,9,12,PO-202606-545,,2026-06-20 18:30:00,,2026-06-20 18:30:00
614,ISSUE,4,8,,19,REQ-202608-916,F&B,2026-08-23 09:15:00,,2026-08-23 09:15:00
615,ISSUE,2,4,,9,REQ-202609-117,Kitchen,2026-09-02 20:39:00,,2026-09-02 20:39:00
616,MINIBAR_SALE,2,3,,9,ROOM-445,,2026-07-12 14:15:00,,2026-07-12 14:15:00
617,ISSUE,4,7,,18,REQ-202607-417,Housekeeping,2026-07-04 22:27:00,,2026-07-04 22:27:00
618,ISSUE,3,6,,13,REQ-202608-331,Kitchen,2026-08-10 22:32:00,,2026-08-10 22:32:00
619,ISSUE,3,5,,13,REQ-202607-204,Kitchen,2026-07-11 13:51:00,,2026-07-11 13:51:00
620,ISSUE,2,3,,8,REQ-202608-321,Laundry,2026-08-30 08:40:00,,2026-08-30 08:40:00
621,SPOILAGE_DAMAGE,1,2,,3,DMG-202608-289,Housekeeping,2026-08-07 19:49:00,,2026-08-07 19:49:00
622,ISSUE,4,8,,19,REQ-202607-710,Kitchen,2026-07-30 21:16:00,,2026-07-30 21:16:00
623,MINIBAR_SALE,3,5,,14,ROOM-514,,2026-04-15 08:19:00,,2026-04-15 08:19:00
624,MINIBAR_SALE,4,7,,19,ROOM-138,,2026-05-14 11:13:00,,2026-05-14 11:13:00
625,MINIBAR_SALE,3,5,,14,ROOM-505,,2026-08-05 18:27:00,,2026-08-05 18:27:00
626,ISSUE,2,3,,8,REQ-202608-347,Housekeeping,2026-08-13 14:18:00,,2026-08-13 14:18:00
627,ISSUE,3,5,,14,REQ-202604-807,Laundry,2026-04-14 09:42:00,,2026-04-14 09:42:00
628,RECEIVING,3,5,11,13,PO-202608-682,,2026-08-16 17:37:00,,2026-08-16 17:37:00
629,SPOILAGE_DAMAGE,2,3,,6,DMG-202605-540,Kitchen,2026-05-18 13:18:00,,2026-05-18 13:18:00
630,ISSUE,2,3,,8,REQ-202606-241,Front Office,2026-06-23 17:41:00,,2026-06-23 17:41:00
631,ISSUE,4,8,,18,REQ-202607-675,Housekeeping,2026-07-14 08:59:00,,2026-07-14 08:59:00
632,ISSUE,3,6,,13,REQ-202609-268,Kitchen,2026-09-08 07:54:00,,2026-09-08 07:54:00
633,RECEIVING,1,2,2,3,PO-202608-400,,2026-08-14 07:39:00,,2026-08-14 07:39:00
634,ISSUE,4,7,,18,REQ-202604-512,Spa,2026-04-15 20:56:00,,2026-04-15 20:56:00
635,ADJUSTMENT,3,6,,13,ADJ-202605-578,Housekeeping,2026-05-14 12:22:00,,2026-05-14 12:22:00
636,RECEIVING,4,8,8,17,PO-202607-176,,2026-07-06 09:12:00,,2026-07-06 09:12:00
637,ISSUE,2,4,,8,REQ-202608-114,Housekeeping,2026-08-06 22:10:00,,2026-08-06 22:10:00
638,ISSUE,3,6,,15,REQ-202604-560,Kitchen,2026-04-08 16:14:00,,2026-04-08 16:14:00
639,TRANSFER,2,3,,8,TRF-202609-188,,2026-09-09 17:20:00,,2026-09-09 17:20:00
640,ISSUE,4,8,,19,REQ-202608-540,F&B,2026-08-31 07:35:00,,2026-08-31 07:35:00
641,ISSUE,3,5,,14,REQ-202609-741,Laundry,2026-09-13 08:18:00,,2026-09-13 08:18:00
642,SPOILAGE_DAMAGE,1,2,,3,DMG-202608-738,Kitchen,2026-08-05 21:24:00,,2026-08-05 21:24:00
643,MINIBAR_SALE,1,2,,5,ROOM-452,,2026-07-09 18:46:00,,2026-07-09 18:46:00
644,MINIBAR_SALE,3,6,,14,ROOM-275,,2026-05-27 12:34:00,,2026-05-27 12:34:00
645,ISSUE,4,8,,19,REQ-202607-369,Front Office,2026-07-03 06:41:00,,2026-07-03 06:41:00
646,ADJUSTMENT,4,7,,18,ADJ-202604-341,Front Office,2026-04-13 12:33:00,,2026-04-13 12:33:00
647,ISSUE,2,3,,9,REQ-202607-845,Laundry,2026-07-03 12:52:00,,2026-07-03 12:52:00
648,ISSUE,2,4,,8,REQ-202604-964,F&B,2026-04-02 14:23:00,,2026-04-02 14:23:00
649,ISSUE,3,6,,15,REQ-202609-850,Engineering,2026-09-19 14:34:00,,2026-09-19 14:34:00
650,ISSUE,2,3,,8,REQ-202605-433,Kitchen,2026-05-31 10:41:00,,2026-05-31 10:41:00
651,ISSUE,2,4,,9,REQ-202607-864,F&B,2026-07-31 15:41:00,,2026-07-31 15:41:00
652,ISSUE,1,1,,4,REQ-202605-194,Front Office,2026-05-29 06:40:00,,2026-05-29 06:40:00
653,ISSUE,1,1,,3,REQ-202607-566,Spa,2026-07-31 22:45:00,,2026-07-31 22:45:00
654,ISSUE,4,8,,18,REQ-202609-989,Front Office,2026-09-29 09:25:00,,2026-09-29 09:25:00
655,ISSUE,2,3,,9,REQ-202609-974,Spa,2026-09-28 19:51:00,,2026-09-28 19:51:00
656,ISSUE,4,8,,19,REQ-202605-930,Front Office,2026-05-28 16:16:00,,2026-05-28 16:16:00
657,ISSUE,1,1,,4,REQ-202605-930,Front Office,2026-05-28 07:16:00,,2026-05-28 07:16:00
658,ISSUE,2,4,,8,REQ-202609-383,Laundry,2026-09-28 08:19:00,,2026-09-28 08:19:00
659,ISSUE,1,1,,3,REQ-202604-223,Housekeeping,2026-04-28 10:58:00,,2026-04-28 10:58:00
660,ISSUE,1,1,,3,REQ-202606-980,Engineering,2026-06-28 18:40:00,,2026-06-28 18:40:00
661,ISSUE,1,1,,4,REQ-202609-117,Kitchen,2026-09-30 10:49:00,,2026-09-30 10:49:00
662,ISSUE,1,2,,3,REQ-202609-333,Laundry,2026-09-28 19:27:00,,2026-09-28 19:27:00
663,ISSUE,3,6,,14,REQ-202607-166,Front Office,2026-07-31 17:27:00,,2026-07-31 17:27:00
664,ISSUE,2,3,,9,REQ-202609-192,Kitchen,2026-09-28 20:25:00,,2026-09-28 20:25:00
665,ISSUE,1,1,,4,REQ-202604-643,Engineering,2026-04-28 08:03:00,,2026-04-28 08:03:00
666,ISSUE,3,6,,13,REQ-202604-303,Engineering,2026-04-29 09:35:00,,2026-04-29 09:35:00
667,ISSUE,4,8,,18,REQ-202609-770,Spa,2026-09-28 14:02:00,,2026-09-28 14:02:00
668,ISSUE,4,8,,19,REQ-202609-549,Front Office,2026-09-29 08:12:00,,2026-09-29 08:12:00
669,ISSUE,1,2,,3,REQ-202605-152,Laundry,2026-05-31 10:01:00,,2026-05-31 10:01:00
670,ISSUE,3,5,,13,REQ-202604-464,Laundry,2026-04-28 10:10:00,,2026-04-28 10:10:00
671,ISSUE,4,8,,19,REQ-202605-870,Spa,2026-05-31 22:09:00,,2026-05-31 22:09:00
672,ISSUE,3,5,,15,REQ-202607-719,Housekeeping,2026-07-31 11:18:00,,2026-07-31 11:18:00
673,ISSUE,2,3,,9,REQ-202608-813,Front Office,2026-08-29 14:34:00,,2026-08-29 14:34:00
674,ISSUE,2,4,,8,REQ-202609-428,Engineering,2026-09-28 11:15:00,,2026-09-28 11:15:00
675,ISSUE,4,7,,18,REQ-202608-654,Front Office,2026-08-29 14:38:00,,2026-08-29 14:38:00
676,ISSUE,3,6,,14,REQ-202608-367,Front Office,2026-08-30 08:20:00,,2026-08-30 08:20:00
677,ISSUE,2,4,,9,REQ-202605-763,Spa,2026-05-31 16:15:00,,2026-05-31 16:15:00
678,ISSUE,3,5,,15,REQ-202604-380,Kitchen,2026-04-30 18:24:00,,2026-04-30 18:24:00
679,ISSUE,2,4,,9,REQ-202606-442,Spa,2026-06-30 07:06:00,,2026-06-30 07:06:00
680,ISSUE,2,4,,9,REQ-202609-916,Front Office,2026-09-28 08:23:00,,2026-09-28 08:23:00
681,ISSUE,1,1,,3,REQ-202604-877,Spa,2026-04-29 22:16:00,,2026-04-29 22:16:00
682,ISSUE,4,8,,19,REQ-202606-857,Engineering,2026-06-30 15:41:00,,2026-06-30 15:41:00
683,ISSUE,4,8,,18,REQ-202605-273,Laundry,2026-05-29 15:41:00,,2026-05-29 15:41:00
684,ISSUE,1,2,,3,REQ-202606-836,Engineering,2026-06-29 07:24:00,,2026-06-29 07:24:00
685,ISSUE,4,7,,18,REQ-202608-717,Laundry,2026-08-29 17:44:00,,2026-08-29 17:44:00
686,ISSUE,4,7,,19,REQ-202607-240,Spa,2026-07-28 14:53:00,,2026-07-28 14:53:00
687,ISSUE,1,2,,3,REQ-202605-691,Spa,2026-05-29 11:33:00,,2026-05-29 11:33:00
688,ISSUE,4,8,,19,REQ-202604-481,F&B,2026-04-28 08:52:00,,2026-04-28 08:52:00
689,ISSUE,2,3,,9,REQ-202607-935,Kitchen,2026-07-31 11:00:00,,2026-07-31 11:00:00
690,ISSUE,2,4,,9,REQ-202604-733,Kitchen,2026-04-28 18:39:00,,2026-04-28 18:39:00
691,ISSUE,1,2,,3,REQ-202608-922,Engineering,2026-08-31 08:23:00,,2026-08-31 08:23:00
692,ISSUE,2,3,,9,REQ-202607-571,Housekeeping,2026-07-30 16:32:00,,2026-07-30 16:32:00
693,ISSUE,3,5,,15,REQ-202607-372,Engineering,2026-07-28 14:46:00,,2026-07-28 14:46:00
694,ISSUE,1,1,,4,REQ-202609-570,Housekeeping,2026-09-28 16:26:00,,2026-09-28 16:26:00
695,ISSUE,2,3,,8,REQ-202609-529,F&B,2026-09-30 20:15:00,,2026-09-30 20:15:00
696,ISSUE,2,4,,9,REQ-202604-865,Housekeeping,2026-04-28 16:11:00,,2026-04-28 16:11:00
697,ISSUE,4,8,,19,REQ-202609-828,Front Office,2026-09-28 22:36:00,,2026-09-28 22:36:00
698,ISSUE,2,4,,8,REQ-202605-364,Housekeeping,2026-05-30 08:13:00,,2026-05-30 08:13:00
699,ISSUE,4,8,,19,REQ-202608-298,Laundry,2026-08-31 07:47:00,,2026-08-31 07:47:00
700,ISSUE,3,6,,13,REQ-202605-134,Front Office,2026-05-29 11:46:00,,2026-05-29 11:46:00
701,ISSUE,4,8,,18,REQ-202605-281,Spa,2026-05-30 14:44:00,,2026-05-30 14:44:00
702,ISSUE,1,2,,3,REQ-202604-917,Engineering,2026-04-30 12:55:00,,2026-04-30 12:55:00
703,ISSUE,1,2,,3,REQ-202606-146,Laundry,2026-06-29 07:56:00,,2026-06-29 07:56:00
704,ISSUE,1,2,,4,REQ-202608-549,Spa,2026-08-31 07:04:00,,2026-08-31 07:04:00
705,ISSUE,1,1,,4,REQ-202605-488,F&B,2026-05-30 06:04:00,,2026-05-30 06:04:00
706,ISSUE,1,1,,4,REQ-202604-793,Kitchen,2026-04-28 07:41:00,,2026-04-28 07:41:00
707,ISSUE,4,7,,19,REQ-202605-442,Laundry,2026-05-28 15:57:00,,2026-05-28 15:57:00
708,ISSUE,2,3,,9,REQ-202609-272,Spa,2026-09-28 11:12:00,,2026-09-28 11:12:00
709,ISSUE,4,7,,18,REQ-202604-702,Spa,2026-04-28 17:21:00,,2026-04-28 17:21:00
710,ISSUE,4,7,,19,REQ-202608-154,Kitchen,2026-08-30 16:56:00,,2026-08-30 16:56:00
711,ISSUE,1,1,,3,REQ-202607-229,Spa,2026-07-30 12:44:00,,2026-07-30 12:44:00
712,ISSUE,2,3,,8,REQ-202609-550,Kitchen,2026-09-28 17:45:00,,2026-09-28 17:45:00
713,ISSUE,1,2,,4,REQ-202605-266,Laundry,2026-05-30 08:39:00,,2026-05-30 08:39:00
714,ISSUE,4,7,,19,REQ-202609-470,Engineering,2026-09-28 22:51:00,,2026-09-28 22:51:00
715,ISSUE,2,4,,9,REQ-202606-564,F&B,2026-06-28 15:41:00,,2026-06-28 15:41:00
716,ISSUE,2,3,,8,REQ-202609-737,Spa,2026-09-28 21:38:00,,2026-09-28 21:38:00
717,ISSUE,2,3,,9,REQ-202604-482,Housekeeping,2026-04-30 22:31:00,,2026-04-30 22:31:00
718,ISSUE,1,2,,4,REQ-202608-878,F&B,2026-08-30 22:05:00,,2026-08-30 22:05:00
719,ISSUE,2,3,,9,REQ-202607-318,Engineering,2026-07-28 15:49:00,,2026-07-28 15:49:00
720,ISSUE,4,8,,18,REQ-202606-763,Kitchen,2026-06-28 21:12:00,,2026-06-28 21:12:00
721,ISSUE,1,1,,4,REQ-202607-427,F&B,2026-07-29 10:04:00,,2026-07-29 10:04:00
722,ISSUE,4,7,,19,REQ-202609-352,Kitchen,2026-09-28 11:36:00,,2026-09-28 11:36:00
723,ISSUE,2,3,,9,REQ-202607-580,Housekeeping,2026-07-31 08:32:00,,2026-07-31 08:32:00
724,ISSUE,2,3,,9,REQ-202609-880,Spa,2026-09-28 21:42:00,,2026-09-28 21:42:00
725,ISSUE,3,5,,15,REQ-202606-514,Engineering,2026-06-29 11:11:00,,2026-06-29 11:11:00
726,ISSUE,3,6,,14,REQ-202609-422,Spa,2026-09-28 13:00:00,,2026-09-28 13:00:00
727,ISSUE,4,8,,19,REQ-202607-587,Kitchen,2026-07-28 16:46:00,,2026-07-28 16:46:00
728,ISSUE,3,6,,15,REQ-202606-706,Laundry,2026-06-28 08:36:00,,2026-06-28 08:36:00
729,ISSUE,1,1,,3,REQ-202609-685,F&B,2026-09-28 10:19:00,,2026-09-28 10:19:00
730,ISSUE,2,3,,9,REQ-202607-690,Spa,2026-07-31 06:29:00,,2026-07-31 06:29:00
731,ISSUE,3,6,,15,REQ-202607-918,Laundry,2026-07-30 15:36:00,,2026-07-30 15:36:00
732,ISSUE,3,5,,14,REQ-202607-807,Laundry,2026-07-29 18:56:00,,2026-07-29 18:56:00
733,ISSUE,4,8,,19,REQ-202608-212,Housekeeping,2026-08-31 11:29:00,,2026-08-31 11:29:00
734,ISSUE,3,6,,14,REQ-202606-405,F&B,2026-06-30 19:42:00,,2026-06-30 19:42:00
735,ISSUE,1,1,,4,REQ-202605-530,Front Office,2026-05-29 07:37:00,,2026-05-29 07:37:00
736,ISSUE,1,2,,3,REQ-202604-745,Engineering,2026-04-28 22:22:00,,2026-04-28 22:22:00
737,ISSUE,4,7,,19,REQ-202606-180,Kitchen,2026-06-30 21:00:00,,2026-06-30 21:00:00
738,ISSUE,2,4,,9,REQ-202607-771,F&B,2026-07-30 11:16:00,,2026-07-30 11:16:00
739,ISSUE,2,4,,8,REQ-202607-778,Spa,2026-07-28 10:56:00,,2026-07-28 10:56:00
740,ISSUE,4,8,,18,REQ-202609-256,Front Office,2026-09-29 12:12:00,,2026-09-29 12:12:00
741,ISSUE,2,4,,8,REQ-202608-384,F&B,2026-08-30 16:15:00,,2026-08-30 16:15:00
742,ISSUE,3,5,,15,REQ-202607-847,Laundry,2026-07-31 14:42:00,,2026-07-31 14:42:00
743,ISSUE,2,3,,8,REQ-202607-290,Kitchen,2026-07-29 12:28:00,,2026-07-29 12:28:00
744,ISSUE,4,7,,18,REQ-202609-944,Kitchen,2026-09-28 20:54:00,,2026-09-28 20:54:00
745,ISSUE,2,3,,8,REQ-202606-280,Laundry,2026-06-30 10:09:00,,2026-06-30 10:09:00
746,ISSUE,1,1,,4,REQ-202604-726,Housekeeping,2026-04-30 18:49:00,,2026-04-30 18:49:00
747,ISSUE,3,5,,14,REQ-202605-887,Kitchen,2026-05-30 09:04:00,,2026-05-30 09:04:00
748,ISSUE,1,2,,3,REQ-202604-770,F&B,2026-04-29 12:46:00,,2026-04-29 12:46:00
749,ISSUE,1,1,,4,REQ-202608-650,Front Office,2026-08-28 22:20:00,,2026-08-28 22:20:00
750,ISSUE,2,4,,9,REQ-202608-991,Engineering,2026-08-30 18:40:00,,2026-08-30 18:40:00
751,ISSUE,3,5,,15,REQ-202604-982,Kitchen,2026-04-30 21:32:00,,2026-04-30 21:32:00
752,ISSUE,3,5,,13,REQ-202608-429,Housekeeping,2026-08-31 12:55:00,,2026-08-31 12:55:00
753,ISSUE,2,3,,9,REQ-202607-216,Spa,2026-07-31 08:32:00,,2026-07-31 08:32:00
754,ISSUE,4,8,,19,REQ-202604-695,Kitchen,2026-04-28 19:48:00,,2026-04-28 19:48:00
755,ISSUE,3,6,,15,REQ-202608-282,Laundry,2026-08-29 15:22:00,,2026-08-29 15:22:00
756,ISSUE,4,8,,19,REQ-202609-882,Housekeeping,2026-09-28 19:27:00,,2026-09-28 19:27:00
757,ISSUE,4,7,,19,REQ-202606-695,Spa,2026-06-28 16:13:00,,2026-06-28 16:13:00
758,ISSUE,3,6,,15,REQ-202606-686,Front Office,2026-06-28 13:00:00,,2026-06-28 13:00:00
759,ISSUE,2,3,,8,REQ-202606-548,Kitchen,2026-06-28 14:49:00,,2026-06-28 14:49:00
760,ISSUE,3,6,,14,REQ-202607-486,Housekeeping,2026-07-31 17:10:00,,2026-07-31 17:10:00
761,ISSUE,2,3,,8,REQ-202609-610,Engineering,2026-09-30 20:50:00,,2026-09-30 20:50:00
762,ISSUE,3,5,,15,REQ-202604-503,F&B,2026-04-29 07:00:00,,2026-04-29 07:00:00
763,ISSUE,3,6,,15,REQ-202605-454,Kitchen,2026-05-29 15:10:00,,2026-05-29 15:10:00
764,ISSUE,3,6,,14,REQ-202608-375,Engineering,2026-08-28 14:28:00,,2026-08-28 14:28:00
765,ISSUE,4,7,,18,REQ-202605-185,Laundry,2026-05-29 09:33:00,,2026-05-29 09:33:00
766,ISSUE,3,5,,15,REQ-202607-209,Kitchen,2026-07-28 09:32:00,,2026-07-28 09:32:00
767,ISSUE,4,8,,18,REQ-202606-137,Spa,2026-06-30 07:39:00,,2026-06-30 07:39:00
768,ISSUE,4,8,,19,REQ-202606-626,Spa,2026-06-29 15:24:00,,2026-06-29 15:24:00
769,ISSUE,3,6,,13,REQ-202606-608,Laundry,2026-06-28 14:50:00,,2026-06-28 14:50:00
770,ISSUE,1,2,,3,REQ-202607-982,Front Office,2026-07-28 17:20:00,,2026-07-28 17:20:00
771,ISSUE,1,1,,3,REQ-202608-986,Spa,2026-08-29 21:19:00,,2026-08-29 21:19:00
772,ISSUE,4,7,,19,REQ-202606-322,Housekeeping,2026-06-28 18:08:00,,2026-06-28 18:08:00
773,ISSUE,1,2,,3,REQ-202606-237,Spa,2026-06-29 18:43:00,,2026-06-29 18:43:00
774,ISSUE,1,2,,3,REQ-202604-602,F&B,2026-04-28 12:42:00,,2026-04-28 12:42:00
775,ISSUE,2,4,,8,REQ-202605-607,Laundry,2026-05-28 19:36:00,,2026-05-28 19:36:00
776,ISSUE,2,3,,9,REQ-202609-952,Kitchen,2026-09-28 09:48:00,,2026-09-28 09:48:00
777,ISSUE,4,7,,19,REQ-202605-906,Engineering,2026-05-29 18:08:00,,2026-05-29 18:08:00
778,ISSUE,1,1,,4,REQ-202604-899,Engineering,2026-04-28 12:10:00,,2026-04-28 12:10:00
779,ISSUE,3,6,,13,REQ-202605-962,Laundry,2026-05-29 11:23:00,,2026-05-29 11:23:00
780,ISSUE,4,7,,18,REQ-202604-255,Housekeeping,2026-04-28 18:28:00,,2026-04-28 18:28:00
781,ISSUE,1,2,,3,REQ-202605-932,Front Office,2026-05-29 08:06:00,,2026-05-29 08:06:00
782,ISSUE,3,6,,13,REQ-202605-408,Kitchen,2026-05-31 07:09:00,,2026-05-31 07:09:00
783,ISSUE,4,7,,18,REQ-202607-756,Laundry,2026-07-28 12:43:00,,2026-07-28 12:43:00
784,ISSUE,4,8,,19,REQ-202609-538,Front Office,2026-09-30 19:16:00,,2026-09-30 19:16:00
785,ISSUE,2,3,,9,REQ-202606-547,Front Office,2026-06-29 14:34:00,,2026-06-29 14:34:00
786,ISSUE,2,3,,8,REQ-202606-323,Kitchen,2026-06-30 06:56:00,,2026-06-30 06:56:00
787,ISSUE,1,1,,3,REQ-202604-693,Housekeeping,2026-04-30 09:25:00,,2026-04-30 09:25:00
788,ISSUE,2,4,,8,REQ-202604-635,Housekeeping,2026-04-28 13:28:00,,2026-04-28 13:28:00
789,ISSUE,3,5,,13,REQ-202604-522,Engineering,2026-04-30 12:20:00,,2026-04-30 12:20:00
790,ISSUE,3,5,,15,REQ-202605-612,Engineering,2026-05-31 10:02:00,,2026-05-31 10:02:00
791,ISSUE,1,2,,3,REQ-202604-818,Front Office,2026-04-29 09:49:00,,2026-04-29 09:49:00
792,ISSUE,2,3,,8,REQ-202606-348,Front Office,2026-06-28 07:05:00,,2026-06-28 07:05:00
793,ISSUE,3,6,,13,REQ-202607-550,F&B,2026-07-28 15:41:00,,2026-07-28 15:41:00
794,ISSUE,2,3,,9,REQ-202606-287,Spa,2026-06-28 10:52:00,,2026-06-28 10:52:00
795,ISSUE,2,4,,8,REQ-202604-622,Kitchen,2026-04-28 19:59:00,,2026-04-28 19:59:00
796,ISSUE,4,8,,19,REQ-202608-904,Front Office,2026-08-30 11:22:00,,2026-08-30 11:22:00
797,ISSUE,4,7,,19,REQ-202606-995,Front Office,2026-06-29 16:43:00,,2026-06-29 16:43:00
798,ISSUE,2,4,,8,REQ-202605-307,Housekeeping,2026-05-28 22:24:00,,2026-05-28 22:24:00
799,ISSUE,4,7,,18,REQ-202605-942,Front Office,2026-05-28 21:47:00,,2026-05-28 21:47:00
800,ISSUE,2,4,,8,REQ-202606-222,Spa,2026-06-29 16:33:00,,2026-06-29 16:33:00
